pais,iso2,cidade,latitude,longitude,posicao_historica,criterio,fonte_coordenadas,observacao
Afeganistão,AF,Kabul,34.52813,69.17233,1,historical/curated,GeoNames (via world-cities/joelacus),Seleção histórica curada; países de grande relevância histórica têm mais de 5 cidades. Vaticano é exceção por ser uma cidade-Estado.
Afeganistão,AF,Herāt,34.34817,62.19967,2,historical/curated,GeoNames (via world-cities/joelacus),Seleção histórica curada; países de grande relevância histórica têm mais de 5 cidades. Vaticano é exceção por ser uma cidade-Estado.
Afeganistão,AF,Kandahār,31.61332,65.71013,3,historical/curated,GeoNames (via world-cities/joelacus),Seleção histórica curada; países de grande relevância histórica têm mais de 5 cidades. Vaticano é exceção por ser uma cidade-Estado.
Afeganistão,AF,Balkh,36.75635,66.8972,4,historical/curated,GeoNames (via world-cities/joelacus),Seleção histórica curada; países de grande relevância histórica têm mais de 5 cidades. Vaticano é exceção por ser uma cidade-Estado.
Afeganistão,AF,Ghazni,33.55391,68.42096,5,historical/curated,GeoNames (via world-cities/joelacus),Seleção histórica curada; países de grande relevância histórica têm mais de 5 cidades. Vaticano é exceção por ser uma cidade-Estado.
Albânia,AL,Tirana,41.32744,19.81866,1,historical/curated,GeoNames (via world-cities/joelacus),Seleção histórica curada; países de grande relevância histórica têm mais de 5 cidades. Vaticano é exceção por ser uma cidade-Estado.
Albânia,AL,Shkodër,42.06828,19.51258,2,historical/curated,GeoNames (via world-cities/joelacus),Seleção histórica curada; países de grande relevância histórica têm mais de 5 cidades. Vaticano é exceção por ser uma cidade-Estado.
Albânia,AL,Durrës,41.32355,19.45469,3,historical/curated,GeoNames (via world-cities/joelacus),Seleção histórica curada; países de grande relevância histórica têm mais de 5 cidades. Vaticano é exceção por ser uma cidade-Estado.
Albânia,AL,Berat,40.70583,19.95222,4,historical/curated,GeoNames (via world-cities/joelacus),Seleção histórica curada; países de grande relevância histórica têm mais de 5 cidades. Vaticano é exceção por ser uma cidade-Estado.
Albânia,AL,Gjirokastër,40.07583,20.13889,5,historical/curated,GeoNames (via world-cities/joelacus),Seleção histórica curada; países de grande relevância histórica têm mais de 5 cidades. Vaticano é exceção por ser uma cidade-Estado.
Argélia,DZ,Algiers,36.73225,3.08746,1,historical/curated,GeoNames (via world-cities/joelacus),Seleção histórica curada; países de grande relevância histórica têm mais de 5 cidades. Vaticano é exceção por ser uma cidade-Estado.
Argélia,DZ,Oran,35.69906,-0.63588,2,historical/curated,GeoNames (via world-cities/joelacus),Seleção histórica curada; países de grande relevância histórica têm mais de 5 cidades. Vaticano é exceção por ser uma cidade-Estado.
Argélia,DZ,Constantine,36.365,6.61472,3,historical/curated,GeoNames (via world-cities/joelacus),Seleção histórica curada; países de grande relevância histórica têm mais de 5 cidades. Vaticano é exceção por ser uma cidade-Estado.
Argélia,DZ,Tlemcen,34.87833,-1.315,4,historical/curated,GeoNames (via world-cities/joelacus),Seleção histórica curada; países de grande relevância histórica têm mais de 5 cidades. Vaticano é exceção por ser uma cidade-Estado.
Argélia,DZ,Annaba,36.9,7.76667,5,historical/curated,GeoNames (via world-cities/joelacus),Seleção histórica curada; países de grande relevância histórica têm mais de 5 cidades. Vaticano é exceção por ser uma cidade-Estado.
Andorra,AD,Andorra la Vella,42.50779,1.52109,1,historical/curated,GeoNames (via world-cities/joelacus),Seleção histórica curada; países de grande relevância histórica têm mais de 5 cidades. Vaticano é exceção por ser uma cidade-Estado.
Andorra,AD,Canillo,42.5676,1.59756,2,historical/curated,GeoNames (via world-cities/joelacus),Seleção histórica curada; países de grande relevância histórica têm mais de 5 cidades. Vaticano é exceção por ser uma cidade-Estado.
Andorra,AD,Encamp,42.53474,1.58014,3,historical/curated,GeoNames (via world-cities/joelacus),Seleção histórica curada; países de grande relevância histórica têm mais de 5 cidades. Vaticano é exceção por ser uma cidade-Estado.
Andorra,AD,la Massana,42.54499,1.51483,4,historical/curated,GeoNames (via world-cities/joelacus),Seleção histórica curada; países de grande relevância histórica têm mais de 5 cidades. Vaticano é exceção por ser uma cidade-Estado.
Andorra,AD,Ordino,42.55623,1.53319,5,historical/curated,GeoNames (via world-cities/joelacus),Seleção histórica curada; países de grande relevância histórica têm mais de 5 cidades. Vaticano é exceção por ser uma cidade-Estado.
Angola,AO,Luanda,-8.83682,13.23432,1,historical/curated,GeoNames (via world-cities/joelacus),Seleção histórica curada; países de grande relevância histórica têm mais de 5 cidades. Vaticano é exceção por ser uma cidade-Estado.
Angola,AO,Benguela,-12.57674,13.40268,2,historical/curated,GeoNames (via world-cities/joelacus),Seleção histórica curada; países de grande relevância histórica têm mais de 5 cidades. Vaticano é exceção por ser uma cidade-Estado.
Angola,AO,Lubango,-14.91717,13.4925,3,historical/curated,GeoNames (via world-cities/joelacus),Seleção histórica curada; países de grande relevância histórica têm mais de 5 cidades. Vaticano é exceção por ser uma cidade-Estado.
Angola,AO,Huambo,-12.77611,15.73917,4,historical/curated,GeoNames (via world-cities/joelacus),Seleção histórica curada; países de grande relevância histórica têm mais de 5 cidades. Vaticano é exceção por ser uma cidade-Estado.
Angola,AO,Mbanza Kongo,-6.26667,14.23833,5,historical/curated,GeoNames (via world-cities/joelacus),Seleção histórica curada; países de grande relevância histórica têm mais de 5 cidades. Vaticano é exceção por ser uma cidade-Estado.
Antígua e Barbuda,AG,Saint John’s,17.12096,-61.84329,1,historical/curated,GeoNames (via world-cities/joelacus),Seleção histórica curada; países de grande relevância histórica têm mais de 5 cidades. Vaticano é exceção por ser uma cidade-Estado.
Antígua e Barbuda,AG,Falmouth,17.02741,-61.78136,2,historical/curated,GeoNames (via world-cities/joelacus),Seleção histórica curada; países de grande relevância histórica têm mais de 5 cidades. Vaticano é exceção por ser uma cidade-Estado.
Antígua e Barbuda,AG,All Saints,17.06671,-61.79303,3,major-city fallback,GeoNames (via world-cities/joelacus),Seleção histórica curada; países de grande relevância histórica têm mais de 5 cidades. Vaticano é exceção por ser uma cidade-Estado.
Antígua e Barbuda,AG,Barbuda Parish,17.62403,-61.77651,4,major-city fallback,GeoNames (via world-cities/joelacus),Seleção histórica curada; países de grande relevância histórica têm mais de 5 cidades. Vaticano é exceção por ser uma cidade-Estado.
Antígua e Barbuda,AG,Bolands,17.06565,-61.87466,5,major-city fallback,GeoNames (via world-cities/joelacus),Seleção histórica curada; países de grande relevância histórica têm mais de 5 cidades. Vaticano é exceção por ser uma cidade-Estado.
Argentina,AR,Buenos Aires,-34.61315,-58.37723,1,historical/curated,GeoNames (via world-cities/joelacus),Seleção histórica curada; países de grande relevância histórica têm mais de 5 cidades. Vaticano é exceção por ser uma cidade-Estado.
Argentina,AR,Córdoba,-31.40648,-64.18853,2,historical/curated,GeoNames (via world-cities/joelacus),Seleção histórica curada; países de grande relevância histórica têm mais de 5 cidades. Vaticano é exceção por ser uma cidade-Estado.
Argentina,AR,Salta,-24.80645,-65.41999,3,historical/curated,GeoNames (via world-cities/joelacus),Seleção histórica curada; países de grande relevância histórica têm mais de 5 cidades. Vaticano é exceção por ser uma cidade-Estado.
Argentina,AR,Mendoza,-32.88946,-68.84582,4,historical/curated,GeoNames (via world-cities/joelacus),Seleção histórica curada; países de grande relevância histórica têm mais de 5 cidades. Vaticano é exceção por ser uma cidade-Estado.
Argentina,AR,Rosario,-32.94682,-60.63932,5,historical/curated,GeoNames (via world-cities/joelacus),Seleção histórica curada; países de grande relevância histórica têm mais de 5 cidades. Vaticano é exceção por ser uma cidade-Estado.
Armênia,AM,Yerevan,40.17765,44.5126,1,historical/curated,GeoNames (via world-cities/joelacus),Seleção histórica curada; países de grande relevância histórica têm mais de 5 cidades. Vaticano é exceção por ser uma cidade-Estado.
Armênia,AM,Gyumri,40.79305,43.84635,2,historical/curated,GeoNames (via world-cities/joelacus),Seleção histórica curada; países de grande relevância histórica têm mais de 5 cidades. Vaticano é exceção por ser uma cidade-Estado.
Armênia,AM,Vagharshapat,40.16557,44.29462,3,historical/curated,GeoNames (via world-cities/joelacus),Seleção histórica curada; países de grande relevância histórica têm mais de 5 cidades. Vaticano é exceção por ser uma cidade-Estado.
Armênia,AM,Vanadzor,40.8074,44.49704,4,historical/curated,GeoNames (via world-cities/joelacus),Seleção histórica curada; países de grande relevância histórica têm mais de 5 cidades. Vaticano é exceção por ser uma cidade-Estado.
Armênia,AM,Artashat,39.95484,44.54874,5,historical/curated,GeoNames (via world-cities/joelacus),Seleção histórica curada; países de grande relevância histórica têm mais de 5 cidades. Vaticano é exceção por ser uma cidade-Estado.
Austrália,AU,Sydney,-33.86785,151.20732,1,historical/curated,GeoNames (via world-cities/joelacus),Seleção histórica curada; países de grande relevância histórica têm mais de 5 cidades. Vaticano é exceção por ser uma cidade-Estado.
Austrália,AU,Melbourne,-37.814,144.96332,2,historical/curated,GeoNames (via world-cities/joelacus),Seleção histórica curada; países de grande relevância histórica têm mais de 5 cidades. Vaticano é exceção por ser uma cidade-Estado.
Austrália,AU,Brisbane,-27.46794,153.02809,3,historical/curated,GeoNames (via world-cities/joelacus),Seleção histórica curada; países de grande relevância histórica têm mais de 5 cidades. Vaticano é exceção por ser uma cidade-Estado.
Austrália,AU,Perth,-41.57231,147.17096,4,historical/curated,GeoNames (via world-cities/joelacus),Seleção histórica curada; países de grande relevância histórica têm mais de 5 cidades. Vaticano é exceção por ser uma cidade-Estado.
Austrália,AU,Adelaide,-34.92866,138.59863,5,historical/curated,GeoNames (via world-cities/joelacus),Seleção histórica curada; países de grande relevância histórica têm mais de 5 cidades. Vaticano é exceção por ser uma cidade-Estado.
Áustria,AT,Vienna,48.20849,16.37208,1,historical/curated,GeoNames (via world-cities/joelacus),Seleção histórica curada; países de grande relevância histórica têm mais de 5 cidades. Vaticano é exceção por ser uma cidade-Estado.
Áustria,AT,Salzburg,47.79941,13.04399,2,historical/curated,GeoNames (via world-cities/joelacus),Seleção histórica curada; países de grande relevância histórica têm mais de 5 cidades. Vaticano é exceção por ser uma cidade-Estado.
Áustria,AT,Innsbruck,47.26266,11.39454,3,historical/curated,GeoNames (via world-cities/joelacus),Seleção histórica curada; países de grande relevância histórica têm mais de 5 cidades. Vaticano é exceção por ser uma cidade-Estado.
Áustria,AT,Graz,47.06733,15.44197,4,historical/curated,GeoNames (via world-cities/joelacus),Seleção histórica curada; países de grande relevância histórica têm mais de 5 cidades. Vaticano é exceção por ser uma cidade-Estado.
Áustria,AT,Linz,48.30639,14.28611,5,historical/curated,GeoNames (via world-cities/joelacus),Seleção histórica curada; países de grande relevância histórica têm mais de 5 cidades. Vaticano é exceção por ser uma cidade-Estado.
Azerbaijão,AZ,Baku,40.37767,49.89201,1,historical/curated,GeoNames (via world-cities/joelacus),Seleção histórica curada; países de grande relevância histórica têm mais de 5 cidades. Vaticano é exceção por ser uma cidade-Estado.
Azerbaijão,AZ,Ganja,40.68157,46.36134,2,historical/curated,GeoNames (via world-cities/joelacus),Seleção histórica curada; países de grande relevância histórica têm mais de 5 cidades. Vaticano é exceção por ser uma cidade-Estado.
Azerbaijão,AZ,Sheki,41.19194,47.17056,3,historical/curated,GeoNames (via world-cities/joelacus),Seleção histórica curada; países de grande relevância histórica têm mais de 5 cidades. Vaticano é exceção por ser uma cidade-Estado.
Azerbaijão,AZ,Shamakhi,40.63141,48.64137,4,historical/curated,GeoNames (via world-cities/joelacus),Seleção histórica curada; países de grande relevância histórica têm mais de 5 cidades. Vaticano é exceção por ser uma cidade-Estado.
Azerbaijão,AZ,Qabala,40.98139,47.84583,5,historical/curated,GeoNames (via world-cities/joelacus),Seleção histórica curada; países de grande relevância histórica têm mais de 5 cidades. Vaticano é exceção por ser uma cidade-Estado.
Bahamas,BS,Nassau,25.05823,-77.34306,1,historical/curated,GeoNames (via world-cities/joelacus),Seleção histórica curada; países de grande relevância histórica têm mais de 5 cidades. Vaticano é exceção por ser uma cidade-Estado.
Bahamas,BS,Freeport,26.53333,-78.7,2,historical/curated,GeoNames (via world-cities/joelacus),Seleção histórica curada; países de grande relevância histórica têm mais de 5 cidades. Vaticano é exceção por ser uma cidade-Estado.
Bahamas,BS,George Town,23.51616,-75.78665,3,historical/curated,GeoNames (via world-cities/joelacus),Seleção histórica curada; países de grande relevância histórica têm mais de 5 cidades. Vaticano é exceção por ser uma cidade-Estado.
Bahamas,BS,Abraham’s Bay,22.36667,-72.96667,4,major-city fallback,GeoNames (via world-cities/joelacus),Seleção histórica curada; países de grande relevância histórica têm mais de 5 cidades. Vaticano é exceção por ser uma cidade-Estado.
Bahamas,BS,Alice Town,25.728,-79.29721,5,major-city fallback,GeoNames (via world-cities/joelacus),Seleção histórica curada; países de grande relevância histórica têm mais de 5 cidades. Vaticano é exceção por ser uma cidade-Estado.
Barein,BH,Manama,26.22787,50.58565,1,historical/curated,GeoNames (via world-cities/joelacus),Seleção histórica curada; países de grande relevância histórica têm mais de 5 cidades. Vaticano é exceção por ser uma cidade-Estado.
Barein,BH,Al Muharraq,26.25722,50.61194,2,major-city fallback,GeoNames (via world-cities/joelacus),Seleção histórica curada; países de grande relevância histórica têm mais de 5 cidades. Vaticano é exceção por ser uma cidade-Estado.
Barein,BH,Al Ḩadd,26.24556,50.65417,3,major-city fallback,GeoNames (via world-cities/joelacus),Seleção histórica curada; países de grande relevância histórica têm mais de 5 cidades. Vaticano é exceção por ser uma cidade-Estado.
Barein,BH,Ar Rifā‘,26.13,50.555,4,major-city fallback,GeoNames (via world-cities/joelacus),Seleção histórica curada; países de grande relevância histórica têm mais de 5 cidades. Vaticano é exceção por ser uma cidade-Estado.
Barein,BH,Az Zallāq,26.0475,50.48639,5,major-city fallback,GeoNames (via world-cities/joelacus),Seleção histórica curada; países de grande relevância histórica têm mais de 5 cidades. Vaticano é exceção por ser uma cidade-Estado.
Bangladesh,BD,Dhaka,23.7104,90.40744,1,historical/curated,GeoNames (via world-cities/joelacus),Seleção histórica curada; países de grande relevância histórica têm mais de 5 cidades. Vaticano é exceção por ser uma cidade-Estado.
Bangladesh,BD,Rajshahi,24.374,88.60114,2,historical/curated,GeoNames (via world-cities/joelacus),Seleção histórica curada; países de grande relevância histórica têm mais de 5 cidades. Vaticano é exceção por ser uma cidade-Estado.
Bangladesh,BD,Sylhet,24.89904,91.87198,3,historical/curated,GeoNames (via world-cities/joelacus),Seleção histórica curada; países de grande relevância histórica têm mais de 5 cidades. Vaticano é exceção por ser uma cidade-Estado.
Bangladesh,BD,Sonārgaon,23.65,90.61667,4,historical/curated,GeoNames (via world-cities/joelacus),Seleção histórica curada; países de grande relevância histórica têm mais de 5 cidades. Vaticano é exceção por ser uma cidade-Estado.
Bangladesh,BD,Ashuganj City,24.04016,91.0117,5,major-city fallback,GeoNames (via world-cities/joelacus),Seleção histórica curada; países de grande relevância histórica têm mais de 5 cidades. Vaticano é exceção por ser uma cidade-Estado.
Barbados,BB,Bridgetown,13.10732,-59.62021,1,historical/curated,GeoNames (via world-cities/joelacus),Seleção histórica curada; países de grande relevância histórica têm mais de 5 cidades. Vaticano é exceção por ser uma cidade-Estado.
Barbados,BB,Speightstown,13.25072,-59.64396,2,historical/curated,GeoNames (via world-cities/joelacus),Seleção histórica curada; países de grande relevância histórica têm mais de 5 cidades. Vaticano é exceção por ser uma cidade-Estado.
Barbados,BB,Holetown,13.18672,-59.63808,3,historical/curated,GeoNames (via world-cities/joelacus),Seleção histórica curada; países de grande relevância histórica têm mais de 5 cidades. Vaticano é exceção por ser uma cidade-Estado.
Barbados,BB,Bathsheba,13.21133,-59.52596,4,major-city fallback,GeoNames (via world-cities/joelacus),Seleção histórica curada; países de grande relevância histórica têm mais de 5 cidades. Vaticano é exceção por ser uma cidade-Estado.
Barbados,BB,Checker Hall,13.28445,-59.64223,5,major-city fallback,GeoNames (via world-cities/joelacus),Seleção histórica curada; países de grande relevância histórica têm mais de 5 cidades. Vaticano é exceção por ser uma cidade-Estado.
Bielorrússia,BY,Minsk,53.90019,27.56653,1,historical/curated,GeoNames (via world-cities/joelacus),Seleção histórica curada; países de grande relevância histórica têm mais de 5 cidades. Vaticano é exceção por ser uma cidade-Estado.
Bielorrússia,BY,Brest,52.10894,23.71749,2,historical/curated,GeoNames (via world-cities/joelacus),Seleção histórica curada; países de grande relevância histórica têm mais de 5 cidades. Vaticano é exceção por ser uma cidade-Estado.
Bielorrússia,BY,Vitebsk,55.1904,30.2049,3,historical/curated,GeoNames (via world-cities/joelacus),Seleção histórica curada; países de grande relevância histórica têm mais de 5 cidades. Vaticano é exceção por ser uma cidade-Estado.
Bielorrússia,BY,Polotsk,55.4879,28.7856,4,historical/curated,GeoNames (via world-cities/joelacus),Seleção histórica curada; países de grande relevância histórica têm mais de 5 cidades. Vaticano é exceção por ser uma cidade-Estado.
Bielorrússia,BY,Nesvizh,53.22186,26.67679,5,historical/curated,GeoNames (via world-cities/joelacus),Seleção histórica curada; países de grande relevância histórica têm mais de 5 cidades. Vaticano é exceção por ser uma cidade-Estado.
Bélgica,BE,Brussels,50.85045,4.34878,1,historical/curated,GeoNames (via world-cities/joelacus),Seleção histórica curada; países de grande relevância histórica têm mais de 5 cidades. Vaticano é exceção por ser uma cidade-Estado.
Bélgica,BE,Antwerp,51.22047,4.40026,2,historical/curated,GeoNames (via world-cities/joelacus),Seleção histórica curada; países de grande relevância histórica têm mais de 5 cidades. Vaticano é exceção por ser uma cidade-Estado.
Bélgica,BE,Leuven,50.87959,4.70093,3,historical/curated,GeoNames (via world-cities/joelacus),Seleção histórica curada; países de grande relevância histórica têm mais de 5 cidades. Vaticano é exceção por ser uma cidade-Estado.
Bélgica,BE,Liège,50.63373,5.56749,4,historical/curated,GeoNames (via world-cities/joelacus),Seleção histórica curada; países de grande relevância histórica têm mais de 5 cidades. Vaticano é exceção por ser uma cidade-Estado.
Bélgica,BE,'s-Gravenvoeren,50.75872,5.76113,5,major-city fallback,GeoNames (via world-cities/joelacus),Seleção histórica curada; países de grande relevância histórica têm mais de 5 cidades. Vaticano é exceção por ser uma cidade-Estado.
Belize,BZ,Belmopan,17.25376,-88.76401,1,historical/curated,GeoNames (via world-cities/joelacus),Seleção histórica curada; países de grande relevância histórica têm mais de 5 cidades. Vaticano é exceção por ser uma cidade-Estado.
Belize,BZ,Belize City,17.49952,-88.19756,2,historical/curated,GeoNames (via world-cities/joelacus),Seleção histórica curada; países de grande relevância histórica têm mais de 5 cidades. Vaticano é exceção por ser uma cidade-Estado.
Belize,BZ,San Ignacio,17.1588,-89.0696,3,historical/curated,GeoNames (via world-cities/joelacus),Seleção histórica curada; países de grande relevância histórica têm mais de 5 cidades. Vaticano é exceção por ser uma cidade-Estado.
Belize,BZ,Armenia,17.1553,-88.7464,4,major-city fallback,GeoNames (via world-cities/joelacus),Seleção histórica curada; países de grande relevância histórica têm mais de 5 cidades. Vaticano é exceção por ser uma cidade-Estado.
Belize,BZ,August Pine Ridge,17.9725,-88.72489,5,major-city fallback,GeoNames (via world-cities/joelacus),Seleção histórica curada; países de grande relevância histórica têm mais de 5 cidades. Vaticano é exceção por ser uma cidade-Estado.
Benin,BJ,Porto-Novo,6.49646,2.60359,1,historical/curated,GeoNames (via world-cities/joelacus),Seleção histórica curada; países de grande relevância histórica têm mais de 5 cidades. Vaticano é exceção por ser uma cidade-Estado.
Benin,BJ,Cotonou,6.36536,2.41833,2,historical/curated,GeoNames (via world-cities/joelacus),Seleção histórica curada; países de grande relevância histórica têm mais de 5 cidades. Vaticano é exceção por ser uma cidade-Estado.
Benin,BJ,Ouidah,6.36307,2.08506,3,historical/curated,GeoNames (via world-cities/joelacus),Seleção histórica curada; países de grande relevância histórica têm mais de 5 cidades. Vaticano é exceção por ser uma cidade-Estado.
Benin,BJ,Abomey,7.18286,1.99119,4,historical/curated,GeoNames (via world-cities/joelacus),Seleção histórica curada; países de grande relevância histórica têm mais de 5 cidades. Vaticano é exceção por ser uma cidade-Estado.
Benin,BJ,Djougou,9.70853,1.66598,5,historical/curated,GeoNames (via world-cities/joelacus),Seleção histórica curada; países de grande relevância histórica têm mais de 5 cidades. Vaticano é exceção por ser uma cidade-Estado.
Butão,BT,Thimphu,27.46609,89.64191,1,historical/curated,GeoNames (via world-cities/joelacus),Seleção histórica curada; países de grande relevância histórica têm mais de 5 cidades. Vaticano é exceção por ser uma cidade-Estado.
Butão,BT,Punākha,27.59137,89.87743,2,historical/curated,GeoNames (via world-cities/joelacus),Seleção histórica curada; países de grande relevância histórica têm mais de 5 cidades. Vaticano é exceção por ser uma cidade-Estado.
Butão,BT,Paro,27.4305,89.41334,3,historical/curated,GeoNames (via world-cities/joelacus),Seleção histórica curada; países de grande relevância histórica têm mais de 5 cidades. Vaticano é exceção por ser uma cidade-Estado.
Butão,BT,Trongsa,27.5026,90.50716,4,historical/curated,GeoNames (via world-cities/joelacus),Seleção histórica curada; países de grande relevância histórica têm mais de 5 cidades. Vaticano é exceção por ser uma cidade-Estado.
Butão,BT,Jakar,27.54918,90.7525,5,historical/curated,GeoNames (via world-cities/joelacus),Seleção histórica curada; países de grande relevância histórica têm mais de 5 cidades. Vaticano é exceção por ser uma cidade-Estado.
Bolívia,BO,Potosí,-19.58361,-65.75306,1,historical/curated,GeoNames (via world-cities/joelacus),Seleção histórica curada; países de grande relevância histórica têm mais de 5 cidades. Vaticano é exceção por ser uma cidade-Estado.
Bolívia,BO,Sucre,-19.03332,-65.26274,2,historical/curated,GeoNames (via world-cities/joelacus),Seleção histórica curada; países de grande relevância histórica têm mais de 5 cidades. Vaticano é exceção por ser uma cidade-Estado.
Bolívia,BO,La Paz,-16.5,-68.15,3,historical/curated,GeoNames (via world-cities/joelacus),Seleção histórica curada; países de grande relevância histórica têm mais de 5 cidades. Vaticano é exceção por ser uma cidade-Estado.
Bolívia,BO,Cochabamba,-17.38195,-66.15995,4,historical/curated,GeoNames (via world-cities/joelacus),Seleção histórica curada; países de grande relevância histórica têm mais de 5 cidades. Vaticano é exceção por ser uma cidade-Estado.
Bolívia,BO,Abapó Viejo,-18.88562,-63.3829,5,major-city fallback,GeoNames (via world-cities/joelacus),Seleção histórica curada; países de grande relevância histórica têm mais de 5 cidades. Vaticano é exceção por ser uma cidade-Estado.
Bósnia e Herzegovina,BA,Sarajevo,43.84864,18.35644,1,historical/curated,GeoNames (via world-cities/joelacus),Seleção histórica curada; países de grande relevância histórica têm mais de 5 cidades. Vaticano é exceção por ser uma cidade-Estado.
Bósnia e Herzegovina,BA,Mostar,43.34333,17.80806,2,historical/curated,GeoNames (via world-cities/joelacus),Seleção histórica curada; países de grande relevância histórica têm mais de 5 cidades. Vaticano é exceção por ser uma cidade-Estado.
Bósnia e Herzegovina,BA,Jajce,44.34203,17.27059,3,historical/curated,GeoNames (via world-cities/joelacus),Seleção histórica curada; países de grande relevância histórica têm mais de 5 cidades. Vaticano é exceção por ser uma cidade-Estado.
Bósnia e Herzegovina,BA,Travnik,44.22637,17.66583,4,historical/curated,GeoNames (via world-cities/joelacus),Seleção histórica curada; países de grande relevância histórica têm mais de 5 cidades. Vaticano é exceção por ser uma cidade-Estado.
Bósnia e Herzegovina,BA,Banja Luka,44.77879,17.20629,5,historical/curated,GeoNames (via world-cities/joelacus),Seleção histórica curada; países de grande relevância histórica têm mais de 5 cidades. Vaticano é exceção por ser uma cidade-Estado.
Botsuana,BW,Gaborone,-24.65451,25.90859,1,historical/curated,GeoNames (via world-cities/joelacus),Seleção histórica curada; países de grande relevância histórica têm mais de 5 cidades. Vaticano é exceção por ser uma cidade-Estado.
Botsuana,BW,Francistown,-21.17,27.50778,2,historical/curated,GeoNames (via world-cities/joelacus),Seleção histórica curada; países de grande relevância histórica têm mais de 5 cidades. Vaticano é exceção por ser uma cidade-Estado.
Botsuana,BW,Maun,-19.98333,23.41667,3,historical/curated,GeoNames (via world-cities/joelacus),Seleção histórica curada; países de grande relevância histórica têm mais de 5 cidades. Vaticano é exceção por ser uma cidade-Estado.
Botsuana,BW,Serowe,-22.38754,26.71077,4,historical/curated,GeoNames (via world-cities/joelacus),Seleção histórica curada; países de grande relevância histórica têm mais de 5 cidades. Vaticano é exceção por ser uma cidade-Estado.
Botsuana,BW,Kanye,-24.96675,25.33273,5,historical/curated,GeoNames (via world-cities/joelacus),Seleção histórica curada; países de grande relevância histórica têm mais de 5 cidades. Vaticano é exceção por ser uma cidade-Estado.
Brasil,BR,Brasília,-15.77972,-47.92972,1,capital,GeoNames (via world-cities/joelacus),Seleção histórica curada; países de grande relevância histórica têm mais de 5 cidades. Vaticano é exceção por ser uma cidade-Estado.
Brasil,BR,Salvador,-12.97563,-38.49096,2,historical/curated,GeoNames (via world-cities/joelacus),Seleção histórica curada; países de grande relevância histórica têm mais de 5 cidades. Vaticano é exceção por ser uma cidade-Estado.
Brasil,BR,Olinda,-8.00889,-34.85528,3,historical/curated,GeoNames (via world-cities/joelacus),Seleção histórica curada; países de grande relevância histórica têm mais de 5 cidades. Vaticano é exceção por ser uma cidade-Estado.
Brasil,BR,Ouro Preto,-20.39484,-43.50517,4,historical/curated,GeoNames (via world-cities/joelacus),Seleção histórica curada; países de grande relevância histórica têm mais de 5 cidades. Vaticano é exceção por ser uma cidade-Estado.
Brasil,BR,Rio de Janeiro,-22.90642,-43.18223,5,historical/curated,GeoNames (via world-cities/joelacus),Seleção histórica curada; países de grande relevância histórica têm mais de 5 cidades. Vaticano é exceção por ser uma cidade-Estado.
Brasil,BR,São Paulo,-23.5475,-46.63611,6,historical/curated,GeoNames (via world-cities/joelacus),Seleção histórica curada; países de grande relevância histórica têm mais de 5 cidades. Vaticano é exceção por ser uma cidade-Estado.
Brasil,BR,Recife,-8.05389,-34.88111,7,historical/curated,GeoNames (via world-cities/joelacus),Seleção histórica curada; países de grande relevância histórica têm mais de 5 cidades. Vaticano é exceção por ser uma cidade-Estado.
Brasil,BR,São Luís,-2.52972,-44.30278,8,historical/curated,GeoNames (via world-cities/joelacus),Seleção histórica curada; países de grande relevância histórica têm mais de 5 cidades. Vaticano é exceção por ser uma cidade-Estado.
Brunei,BN,Bandar Seri Begawan,4.89035,114.94006,1,historical/curated,GeoNames (via world-cities/joelacus),Seleção histórica curada; países de grande relevância histórica têm mais de 5 cidades. Vaticano é exceção por ser uma cidade-Estado.
Brunei,BN,Kuala Belait,4.58361,114.2312,2,historical/curated,GeoNames (via world-cities/joelacus),Seleção histórica curada; países de grande relevância histórica têm mais de 5 cidades. Vaticano é exceção por ser uma cidade-Estado.
Brunei,BN,Tutong,4.80278,114.64917,3,historical/curated,GeoNames (via world-cities/joelacus),Seleção histórica curada; países de grande relevância histórica têm mais de 5 cidades. Vaticano é exceção por ser uma cidade-Estado.
Brunei,BN,Seria,4.60637,114.32476,4,historical/curated,GeoNames (via world-cities/joelacus),Seleção histórica curada; países de grande relevância histórica têm mais de 5 cidades. Vaticano é exceção por ser uma cidade-Estado.
Brunei,BN,Bangar,4.70861,115.07167,5,major-city fallback,GeoNames (via world-cities/joelacus),Seleção histórica curada; países de grande relevância histórica têm mais de 5 cidades. Vaticano é exceção por ser uma cidade-Estado.
Bulgária,BG,Sofia,42.69751,23.32415,1,historical/curated,GeoNames (via world-cities/joelacus),Seleção histórica curada; países de grande relevância histórica têm mais de 5 cidades. Vaticano é exceção por ser uma cidade-Estado.
Bulgária,BG,Plovdiv,42.15387,24.75001,2,historical/curated,GeoNames (via world-cities/joelacus),Seleção histórica curada; países de grande relevância histórica têm mais de 5 cidades. Vaticano é exceção por ser uma cidade-Estado.
Bulgária,BG,Varna,43.21912,27.91024,3,historical/curated,GeoNames (via world-cities/joelacus),Seleção histórica curada; países de grande relevância histórica têm mais de 5 cidades. Vaticano é exceção por ser uma cidade-Estado.
Bulgária,BG,Ruse,43.84872,25.9534,4,historical/curated,GeoNames (via world-cities/joelacus),Seleção histórica curada; países de grande relevância histórica têm mais de 5 cidades. Vaticano é exceção por ser uma cidade-Estado.
Bulgária,BG,Aheloy,42.64987,27.64838,5,major-city fallback,GeoNames (via world-cities/joelacus),Seleção histórica curada; países de grande relevância histórica têm mais de 5 cidades. Vaticano é exceção por ser uma cidade-Estado.
Burquina Faso,BF,Ouagadougou,12.36566,-1.53388,1,historical/curated,GeoNames (via world-cities/joelacus),Seleção histórica curada; países de grande relevância histórica têm mais de 5 cidades. Vaticano é exceção por ser uma cidade-Estado.
Burquina Faso,BF,Bobo-Dioulasso,11.18064,-4.29489,2,historical/curated,GeoNames (via world-cities/joelacus),Seleção histórica curada; países de grande relevância histórica têm mais de 5 cidades. Vaticano é exceção por ser uma cidade-Estado.
Burquina Faso,BF,Banfora,10.64064,-4.75285,3,historical/curated,GeoNames (via world-cities/joelacus),Seleção histórica curada; países de grande relevância histórica têm mais de 5 cidades. Vaticano é exceção por ser uma cidade-Estado.
Burquina Faso,BF,Dori,14.03326,-0.03333,4,historical/curated,GeoNames (via world-cities/joelacus),Seleção histórica curada; países de grande relevância histórica têm mais de 5 cidades. Vaticano é exceção por ser uma cidade-Estado.
Burquina Faso,BF,Gorom-Gorom,14.4429,-0.23468,5,historical/curated,GeoNames (via world-cities/joelacus),Seleção histórica curada; países de grande relevância histórica têm mais de 5 cidades. Vaticano é exceção por ser uma cidade-Estado.
Burundi,BI,Bujumbura,-3.38193,29.36142,1,historical/curated,GeoNames (via world-cities/joelacus),Seleção histórica curada; países de grande relevância histórica têm mais de 5 cidades. Vaticano é exceção por ser uma cidade-Estado.
Burundi,BI,Gitega,-3.42708,29.92463,2,historical/curated,GeoNames (via world-cities/joelacus),Seleção histórica curada; países de grande relevância histórica têm mais de 5 cidades. Vaticano é exceção por ser uma cidade-Estado.
Burundi,BI,Ngozi,-2.9075,29.8306,3,historical/curated,GeoNames (via world-cities/joelacus),Seleção histórica curada; países de grande relevância histórica têm mais de 5 cidades. Vaticano é exceção por ser uma cidade-Estado.
Burundi,BI,Bubanza,-3.0804,29.391,4,major-city fallback,GeoNames (via world-cities/joelacus),Seleção histórica curada; países de grande relevância histórica têm mais de 5 cidades. Vaticano é exceção por ser uma cidade-Estado.
Burundi,BI,Buganda,-2.9663,29.1944,5,major-city fallback,GeoNames (via world-cities/joelacus),Seleção histórica curada; países de grande relevância histórica têm mais de 5 cidades. Vaticano é exceção por ser uma cidade-Estado.
Cabo Verde,CV,Praia,14.93152,-23.51254,1,historical/curated,GeoNames (via world-cities/joelacus),Seleção histórica curada; países de grande relevância histórica têm mais de 5 cidades. Vaticano é exceção por ser uma cidade-Estado.
Cabo Verde,CV,Mindelo,16.89014,-24.98042,2,historical/curated,GeoNames (via world-cities/joelacus),Seleção histórica curada; países de grande relevância histórica têm mais de 5 cidades. Vaticano é exceção por ser uma cidade-Estado.
Cabo Verde,CV,Cidade Velha,14.91531,-23.60527,3,historical/curated,GeoNames (via world-cities/joelacus),Seleção histórica curada; países de grande relevância histórica têm mais de 5 cidades. Vaticano é exceção por ser uma cidade-Estado.
Cabo Verde,CV,Assomada,15.1,-23.68333,4,historical/curated,GeoNames (via world-cities/joelacus),Seleção histórica curada; países de grande relevância histórica têm mais de 5 cidades. Vaticano é exceção por ser uma cidade-Estado.
Cabo Verde,CV,Santa Maria,16.59796,-22.90509,5,historical/curated,GeoNames (via world-cities/joelacus),Seleção histórica curada; países de grande relevância histórica têm mais de 5 cidades. Vaticano é exceção por ser uma cidade-Estado.
Camboja,KH,Phnom Penh,11.56245,104.91601,1,historical/curated,GeoNames (via world-cities/joelacus),Seleção histórica curada; países de grande relevância histórica têm mais de 5 cidades. Vaticano é exceção por ser uma cidade-Estado.
Camboja,KH,Siem Reap,13.36179,103.86056,2,historical/curated,GeoNames (via world-cities/joelacus),Seleção histórica curada; países de grande relevância histórica têm mais de 5 cidades. Vaticano é exceção por ser uma cidade-Estado.
Camboja,KH,Battambang,13.10271,103.19822,3,historical/curated,GeoNames (via world-cities/joelacus),Seleção histórica curada; países de grande relevância histórica têm mais de 5 cidades. Vaticano é exceção por ser uma cidade-Estado.
Camboja,KH,Kampot,10.60421,104.25611,4,historical/curated,GeoNames (via world-cities/joelacus),Seleção histórica curada; países de grande relevância histórica têm mais de 5 cidades. Vaticano é exceção por ser uma cidade-Estado.
Camboja,KH,Aachar Leak,12.72553,104.89426,5,major-city fallback,GeoNames (via world-cities/joelacus),Seleção histórica curada; países de grande relevância histórica têm mais de 5 cidades. Vaticano é exceção por ser uma cidade-Estado.
Camarões,CM,Yaoundé,3.86667,11.51667,1,historical/curated,GeoNames (via world-cities/joelacus),Seleção histórica curada; países de grande relevância histórica têm mais de 5 cidades. Vaticano é exceção por ser uma cidade-Estado.
Camarões,CM,Douala,4.04827,9.70428,2,historical/curated,GeoNames (via world-cities/joelacus),Seleção histórica curada; países de grande relevância histórica têm mais de 5 cidades. Vaticano é exceção por ser uma cidade-Estado.
Camarões,CM,Garoua,9.30143,13.39771,3,historical/curated,GeoNames (via world-cities/joelacus),Seleção histórica curada; países de grande relevância histórica têm mais de 5 cidades. Vaticano é exceção por ser uma cidade-Estado.
Camarões,CM,Bamenda,5.9597,10.14597,4,historical/curated,GeoNames (via world-cities/joelacus),Seleção histórica curada; países de grande relevância histórica têm mais de 5 cidades. Vaticano é exceção por ser uma cidade-Estado.
Camarões,CM,Foumban,5.72662,10.89865,5,historical/curated,GeoNames (via world-cities/joelacus),Seleção histórica curada; países de grande relevância histórica têm mais de 5 cidades. Vaticano é exceção por ser uma cidade-Estado.
Canadá,CA,Montréal,45.50884,-73.58781,1,historical/curated,GeoNames (via world-cities/joelacus),Seleção histórica curada; países de grande relevância histórica têm mais de 5 cidades. Vaticano é exceção por ser uma cidade-Estado.
Canadá,CA,Toronto,43.70643,-79.39864,2,historical/curated,GeoNames (via world-cities/joelacus),Seleção histórica curada; países de grande relevância histórica têm mais de 5 cidades. Vaticano é exceção por ser uma cidade-Estado.
Canadá,CA,Halifax,44.64269,-63.57688,3,historical/curated,GeoNames (via world-cities/joelacus),Seleção histórica curada; países de grande relevância histórica têm mais de 5 cidades. Vaticano é exceção por ser uma cidade-Estado.
Canadá,CA,Ottawa,45.41117,-75.69812,4,historical/curated,GeoNames (via world-cities/joelacus),Seleção histórica curada; países de grande relevância histórica têm mais de 5 cidades. Vaticano é exceção por ser uma cidade-Estado.
Canadá,CA,Kingston,44.22976,-76.48098,5,historical/curated,GeoNames (via world-cities/joelacus),Seleção histórica curada; países de grande relevância histórica têm mais de 5 cidades. Vaticano é exceção por ser uma cidade-Estado.
República Centro-Africana,CF,Bangui,4.36122,18.55496,1,historical/curated,GeoNames (via world-cities/joelacus),Seleção histórica curada; países de grande relevância histórica têm mais de 5 cidades. Vaticano é exceção por ser uma cidade-Estado.
República Centro-Africana,CF,Berbérati,4.26116,15.79216,2,historical/curated,GeoNames (via world-cities/joelacus),Seleção histórica curada; países de grande relevância histórica têm mais de 5 cidades. Vaticano é exceção por ser uma cidade-Estado.
República Centro-Africana,CF,Bambari,5.76795,20.67565,3,historical/curated,GeoNames (via world-cities/joelacus),Seleção histórica curada; países de grande relevância histórica têm mais de 5 cidades. Vaticano é exceção por ser uma cidade-Estado.
República Centro-Africana,CF,Abba,5.33354,15.15199,4,major-city fallback,GeoNames (via world-cities/joelacus),Seleção histórica curada; países de grande relevância histórica têm mais de 5 cidades. Vaticano é exceção por ser uma cidade-Estado.
República Centro-Africana,CF,Alindao,5.02667,21.20876,5,major-city fallback,GeoNames (via world-cities/joelacus),Seleção histórica curada; países de grande relevância histórica têm mais de 5 cidades. Vaticano é exceção por ser uma cidade-Estado.
Chade,TD,N'Djamena,12.10672,15.0444,1,historical/curated,GeoNames (via world-cities/joelacus),Seleção histórica curada; países de grande relevância histórica têm mais de 5 cidades. Vaticano é exceção por ser uma cidade-Estado.
Chade,TD,Faya-Largeau,17.9257,19.10428,2,historical/curated,GeoNames (via world-cities/joelacus),Seleção histórica curada; países de grande relevância histórica têm mais de 5 cidades. Vaticano é exceção por ser uma cidade-Estado.
Chade,TD,Mao,14.12286,15.31189,3,historical/curated,GeoNames (via world-cities/joelacus),Seleção histórica curada; países de grande relevância histórica têm mais de 5 cidades. Vaticano é exceção por ser uma cidade-Estado.
Chade,TD,Abéché,13.82916,20.8324,4,historical/curated,GeoNames (via world-cities/joelacus),Seleção histórica curada; países de grande relevância histórica têm mais de 5 cidades. Vaticano é exceção por ser uma cidade-Estado.
Chade,TD,Abdi,12.8,21.3,5,major-city fallback,GeoNames (via world-cities/joelacus),Seleção histórica curada; países de grande relevância histórica têm mais de 5 cidades. Vaticano é exceção por ser uma cidade-Estado.
Chile,CL,Santiago,-33.45694,-70.64827,1,historical/curated,GeoNames (via world-cities/joelacus),Seleção histórica curada; países de grande relevância histórica têm mais de 5 cidades. Vaticano é exceção por ser uma cidade-Estado.
Chile,CL,Valparaíso,-33.036,-71.62963,2,historical/curated,GeoNames (via world-cities/joelacus),Seleção histórica curada; países de grande relevância histórica têm mais de 5 cidades. Vaticano é exceção por ser uma cidade-Estado.
Chile,CL,Concepción,-36.82699,-73.04977,3,historical/curated,GeoNames (via world-cities/joelacus),Seleção histórica curada; países de grande relevância histórica têm mais de 5 cidades. Vaticano é exceção por ser uma cidade-Estado.
Chile,CL,Arica,-18.47552,-70.30058,4,historical/curated,GeoNames (via world-cities/joelacus),Seleção histórica curada; países de grande relevância histórica têm mais de 5 cidades. Vaticano é exceção por ser uma cidade-Estado.
Chile,CL,La Serena,-29.90591,-71.25014,5,historical/curated,GeoNames (via world-cities/joelacus),Seleção histórica curada; países de grande relevância histórica têm mais de 5 cidades. Vaticano é exceção por ser uma cidade-Estado.
China,CN,Beijing,39.9075,116.39723,1,historical/curated,GeoNames (via world-cities/joelacus),Seleção histórica curada; países de grande relevância histórica têm mais de 5 cidades. Vaticano é exceção por ser uma cidade-Estado.
China,CN,Xi’an,34.25833,108.92861,2,historical/curated,GeoNames (via world-cities/joelacus),Seleção histórica curada; países de grande relevância histórica têm mais de 5 cidades. Vaticano é exceção por ser uma cidade-Estado.
China,CN,Nanjing,32.06167,118.77778,3,historical/curated,GeoNames (via world-cities/joelacus),Seleção histórica curada; países de grande relevância histórica têm mais de 5 cidades. Vaticano é exceção por ser uma cidade-Estado.
China,CN,Shanghai,31.22222,121.45806,4,historical/curated,GeoNames (via world-cities/joelacus),Seleção histórica curada; países de grande relevância histórica têm mais de 5 cidades. Vaticano é exceção por ser uma cidade-Estado.
China,CN,Luoyang,23.16244,114.27342,5,historical/curated,GeoNames (via world-cities/joelacus),Seleção histórica curada; países de grande relevância histórica têm mais de 5 cidades. Vaticano é exceção por ser uma cidade-Estado.
China,CN,Kaifeng,34.7986,114.30742,6,historical/curated,GeoNames (via world-cities/joelacus),Seleção histórica curada; países de grande relevância histórica têm mais de 5 cidades. Vaticano é exceção por ser uma cidade-Estado.
China,CN,Hangzhou,30.29365,120.16142,7,historical/curated,GeoNames (via world-cities/joelacus),Seleção histórica curada; países de grande relevância histórica têm mais de 5 cidades. Vaticano é exceção por ser uma cidade-Estado.
China,CN,Chengdu,30.66667,104.06667,8,historical/curated,GeoNames (via world-cities/joelacus),Seleção histórica curada; países de grande relevância histórica têm mais de 5 cidades. Vaticano é exceção por ser uma cidade-Estado.
China,CN,Guangzhou,23.11667,113.25,9,historical/curated,GeoNames (via world-cities/joelacus),Seleção histórica curada; países de grande relevância histórica têm mais de 5 cidades. Vaticano é exceção por ser uma cidade-Estado.
China,CN,Anyang,36.096,114.38278,10,historical/curated,GeoNames (via world-cities/joelacus),Seleção histórica curada; países de grande relevância histórica têm mais de 5 cidades. Vaticano é exceção por ser uma cidade-Estado.
Colômbia,CO,Bogotá,4.60971,-74.08175,1,historical/curated,GeoNames (via world-cities/joelacus),Seleção histórica curada; países de grande relevância histórica têm mais de 5 cidades. Vaticano é exceção por ser uma cidade-Estado.
Colômbia,CO,Cartagena,10.39817,-75.49328,2,historical/curated,GeoNames (via world-cities/joelacus),Seleção histórica curada; países de grande relevância histórica têm mais de 5 cidades. Vaticano é exceção por ser uma cidade-Estado.
Colômbia,CO,Popayán,2.43823,-76.61316,3,historical/curated,GeoNames (via world-cities/joelacus),Seleção histórica curada; países de grande relevância histórica têm mais de 5 cidades. Vaticano é exceção por ser uma cidade-Estado.
Colômbia,CO,Tunja,5.54481,-73.35756,4,historical/curated,GeoNames (via world-cities/joelacus),Seleção histórica curada; países de grande relevância histórica têm mais de 5 cidades. Vaticano é exceção por ser uma cidade-Estado.
Colômbia,CO,Santa Marta,11.23855,-74.19427,5,historical/curated,GeoNames (via world-cities/joelacus),Seleção histórica curada; países de grande relevância histórica têm mais de 5 cidades. Vaticano é exceção por ser uma cidade-Estado.
Comores,KM,Moroni,-11.70216,43.25506,1,historical/curated,GeoNames (via world-cities/joelacus),Seleção histórica curada; países de grande relevância histórica têm mais de 5 cidades. Vaticano é exceção por ser uma cidade-Estado.
Comores,KM,Fomboni,-12.28759,43.74344,2,historical/curated,GeoNames (via world-cities/joelacus),Seleção histórica curada; países de grande relevância histórica têm mais de 5 cidades. Vaticano é exceção por ser uma cidade-Estado.
Comores,KM,Adda-Douéni,-12.2925,44.49722,3,major-city fallback,GeoNames (via world-cities/joelacus),Seleção histórica curada; países de grande relevância histórica têm mais de 5 cidades. Vaticano é exceção por ser uma cidade-Estado.
Comores,KM,Antsahé,-12.35639,44.5225,4,major-city fallback,GeoNames (via world-cities/joelacus),Seleção histórica curada; países de grande relevância histórica têm mais de 5 cidades. Vaticano é exceção por ser uma cidade-Estado.
Comores,KM,Assimpao,-12.23306,44.31972,5,major-city fallback,GeoNames (via world-cities/joelacus),Seleção histórica curada; países de grande relevância histórica têm mais de 5 cidades. Vaticano é exceção por ser uma cidade-Estado.
República do Congo,CG,Brazzaville,-4.26613,15.28318,1,historical/curated,GeoNames (via world-cities/joelacus),Seleção histórica curada; países de grande relevância histórica têm mais de 5 cidades. Vaticano é exceção por ser uma cidade-Estado.
República do Congo,CG,Pointe-Noire,-4.77609,11.86352,2,historical/curated,GeoNames (via world-cities/joelacus),Seleção histórica curada; países de grande relevância histórica têm mais de 5 cidades. Vaticano é exceção por ser uma cidade-Estado.
República do Congo,CG,Dolisie,-4.19834,12.66664,3,historical/curated,GeoNames (via world-cities/joelacus),Seleção histórica curada; países de grande relevância histórica têm mais de 5 cidades. Vaticano é exceção por ser uma cidade-Estado.
República do Congo,CG,Ouesso,1.61361,16.05167,4,historical/curated,GeoNames (via world-cities/joelacus),Seleção histórica curada; países de grande relevância histórica têm mais de 5 cidades. Vaticano é exceção por ser uma cidade-Estado.
República do Congo,CG,Abala,-3.36,15.47583,5,major-city fallback,GeoNames (via world-cities/joelacus),Seleção histórica curada; países de grande relevância histórica têm mais de 5 cidades. Vaticano é exceção por ser uma cidade-Estado.
Congo - Kinshasa,CD,Kinshasa,-4.32758,15.31357,1,historical/curated,GeoNames (via world-cities/joelacus),Seleção histórica curada; países de grande relevância histórica têm mais de 5 cidades. Vaticano é exceção por ser uma cidade-Estado.
Congo - Kinshasa,CD,Lubumbashi,-11.66089,27.47938,2,historical/curated,GeoNames (via world-cities/joelacus),Seleção histórica curada; países de grande relevância histórica têm mais de 5 cidades. Vaticano é exceção por ser uma cidade-Estado.
Congo - Kinshasa,CD,Kisangani,0.51528,25.19099,3,historical/curated,GeoNames (via world-cities/joelacus),Seleção histórica curada; países de grande relevância histórica têm mais de 5 cidades. Vaticano é exceção por ser uma cidade-Estado.
Congo - Kinshasa,CD,Mbandaka,0.04865,18.26034,4,historical/curated,GeoNames (via world-cities/joelacus),Seleção histórica curada; países de grande relevância histórica têm mais de 5 cidades. Vaticano é exceção por ser uma cidade-Estado.
Congo - Kinshasa,CD,Matadi,-5.83861,13.46306,5,historical/curated,GeoNames (via world-cities/joelacus),Seleção histórica curada; países de grande relevância histórica têm mais de 5 cidades. Vaticano é exceção por ser uma cidade-Estado.
Costa Rica,CR,San José,9.93388,-84.08489,1,historical/curated,GeoNames (via world-cities/joelacus),Seleção histórica curada; países de grande relevância histórica têm mais de 5 cidades. Vaticano é exceção por ser uma cidade-Estado.
Costa Rica,CR,Cartago,9.86371,-83.9195,2,historical/curated,GeoNames (via world-cities/joelacus),Seleção histórica curada; países de grande relevância histórica têm mais de 5 cidades. Vaticano é exceção por ser uma cidade-Estado.
Costa Rica,CR,Limón,9.99074,-83.03596,3,historical/curated,GeoNames (via world-cities/joelacus),Seleção histórica curada; países de grande relevância histórica têm mais de 5 cidades. Vaticano é exceção por ser uma cidade-Estado.
Costa Rica,CR,Alajuela,10.01723,-84.21275,4,historical/curated,GeoNames (via world-cities/joelacus),Seleção histórica curada; países de grande relevância histórica têm mais de 5 cidades. Vaticano é exceção por ser uma cidade-Estado.
Costa Rica,CR,Heredia,9.99872,-84.11587,5,historical/curated,GeoNames (via world-cities/joelacus),Seleção histórica curada; países de grande relevância histórica têm mais de 5 cidades. Vaticano é exceção por ser uma cidade-Estado.
Croácia,HR,Zagreb,45.81444,15.97798,1,historical/curated,GeoNames (via world-cities/joelacus),Seleção histórica curada; países de grande relevância histórica têm mais de 5 cidades. Vaticano é exceção por ser uma cidade-Estado.
Croácia,HR,Dubrovnik,42.64125,18.10909,2,historical/curated,GeoNames (via world-cities/joelacus),Seleção histórica curada; países de grande relevância histórica têm mais de 5 cidades. Vaticano é exceção por ser uma cidade-Estado.
Croácia,HR,Split,43.50891,16.43915,3,historical/curated,GeoNames (via world-cities/joelacus),Seleção histórica curada; países de grande relevância histórica têm mais de 5 cidades. Vaticano é exceção por ser uma cidade-Estado.
Croácia,HR,Zadar,44.11578,15.22514,4,historical/curated,GeoNames (via world-cities/joelacus),Seleção histórica curada; países de grande relevância histórica têm mais de 5 cidades. Vaticano é exceção por ser uma cidade-Estado.
Croácia,HR,Pula,44.86833,13.84806,5,historical/curated,GeoNames (via world-cities/joelacus),Seleção histórica curada; países de grande relevância histórica têm mais de 5 cidades. Vaticano é exceção por ser uma cidade-Estado.
Cuba,CU,Havana,23.13302,-82.38304,1,historical/curated,GeoNames (via world-cities/joelacus),Seleção histórica curada; países de grande relevância histórica têm mais de 5 cidades. Vaticano é exceção por ser uma cidade-Estado.
Cuba,CU,Santiago de Cuba,20.02287,-75.82171,2,historical/curated,GeoNames (via world-cities/joelacus),Seleção histórica curada; países de grande relevância histórica têm mais de 5 cidades. Vaticano é exceção por ser uma cidade-Estado.
Cuba,CU,Trinidad,21.79956,-79.98349,3,historical/curated,GeoNames (via world-cities/joelacus),Seleção histórica curada; países de grande relevância histórica têm mais de 5 cidades. Vaticano é exceção por ser uma cidade-Estado.
Cuba,CU,Camagüey,21.38083,-77.91694,4,historical/curated,GeoNames (via world-cities/joelacus),Seleção histórica curada; países de grande relevância histórica têm mais de 5 cidades. Vaticano é exceção por ser uma cidade-Estado.
Cuba,CU,Bayamo,20.37368,-76.64272,5,historical/curated,GeoNames (via world-cities/joelacus),Seleção histórica curada; países de grande relevância histórica têm mais de 5 cidades. Vaticano é exceção por ser uma cidade-Estado.
Chipre,CY,Nicosia,35.17284,33.35397,1,historical/curated,GeoNames (via world-cities/joelacus),Seleção histórica curada; países de grande relevância histórica têm mais de 5 cidades. Vaticano é exceção por ser uma cidade-Estado.
Chipre,CY,Paphos,34.77679,32.42451,2,historical/curated,GeoNames (via world-cities/joelacus),Seleção histórica curada; países de grande relevância histórica têm mais de 5 cidades. Vaticano é exceção por ser uma cidade-Estado.
Chipre,CY,Limassol,34.68406,33.03794,3,historical/curated,GeoNames (via world-cities/joelacus),Seleção histórica curada; países de grande relevância histórica têm mais de 5 cidades. Vaticano é exceção por ser uma cidade-Estado.
Chipre,CY,Larnaca,34.9221,33.62794,4,historical/curated,GeoNames (via world-cities/joelacus),Seleção histórica curada; países de grande relevância histórica têm mais de 5 cidades. Vaticano é exceção por ser uma cidade-Estado.
Chipre,CY,Famagusta,35.12489,33.94135,5,historical/curated,GeoNames (via world-cities/joelacus),Seleção histórica curada; países de grande relevância histórica têm mais de 5 cidades. Vaticano é exceção por ser uma cidade-Estado.
Tchéquia,CZ,Prague,50.08804,14.42076,1,historical/curated,GeoNames (via world-cities/joelacus),Seleção histórica curada; países de grande relevância histórica têm mais de 5 cidades. Vaticano é exceção por ser uma cidade-Estado.
Tchéquia,CZ,Brno,49.19522,16.60796,2,historical/curated,GeoNames (via world-cities/joelacus),Seleção histórica curada; países de grande relevância histórica têm mais de 5 cidades. Vaticano é exceção por ser uma cidade-Estado.
Tchéquia,CZ,Olomouc,49.59552,17.25175,3,historical/curated,GeoNames (via world-cities/joelacus),Seleção histórica curada; países de grande relevância histórica têm mais de 5 cidades. Vaticano é exceção por ser uma cidade-Estado.
Tchéquia,CZ,Kutná Hora,49.94839,15.26816,4,historical/curated,GeoNames (via world-cities/joelacus),Seleção histórica curada; países de grande relevância histórica têm mais de 5 cidades. Vaticano é exceção por ser uma cidade-Estado.
Tchéquia,CZ,Český Krumlov,48.81091,14.31521,5,historical/curated,GeoNames (via world-cities/joelacus),Seleção histórica curada; países de grande relevância histórica têm mais de 5 cidades. Vaticano é exceção por ser uma cidade-Estado.
Costa do Marfim,CI,Abidjan,5.35444,-4.00167,1,historical/curated,GeoNames (via world-cities/joelacus),Seleção histórica curada; países de grande relevância histórica têm mais de 5 cidades. Vaticano é exceção por ser uma cidade-Estado.
Costa do Marfim,CI,Grand-Bassam,5.2118,-3.73884,2,historical/curated,GeoNames (via world-cities/joelacus),Seleção histórica curada; países de grande relevância histórica têm mais de 5 cidades. Vaticano é exceção por ser uma cidade-Estado.
Costa do Marfim,CI,Yamoussoukro,6.82055,-5.27674,3,historical/curated,GeoNames (via world-cities/joelacus),Seleção histórica curada; países de grande relevância histórica têm mais de 5 cidades. Vaticano é exceção por ser uma cidade-Estado.
Costa do Marfim,CI,Bouaké,7.69385,-5.03031,4,historical/curated,GeoNames (via world-cities/joelacus),Seleção histórica curada; países de grande relevância histórica têm mais de 5 cidades. Vaticano é exceção por ser uma cidade-Estado.
Costa do Marfim,CI,Korhogo,9.45803,-5.62961,5,historical/curated,GeoNames (via world-cities/joelacus),Seleção histórica curada; países de grande relevância histórica têm mais de 5 cidades. Vaticano é exceção por ser uma cidade-Estado.
Dinamarca,DK,Copenhagen,55.67594,12.56553,1,historical/curated,GeoNames (via world-cities/joelacus),Seleção histórica curada; países de grande relevância histórica têm mais de 5 cidades. Vaticano é exceção por ser uma cidade-Estado.
Dinamarca,DK,Odense,55.39594,10.38831,2,historical/curated,GeoNames (via world-cities/joelacus),Seleção histórica curada; países de grande relevância histórica têm mais de 5 cidades. Vaticano é exceção por ser uma cidade-Estado.
Dinamarca,DK,Roskilde,55.64152,12.08035,3,historical/curated,GeoNames (via world-cities/joelacus),Seleção histórica curada; países de grande relevância histórica têm mais de 5 cidades. Vaticano é exceção por ser uma cidade-Estado.
Dinamarca,DK,Aalborg,57.048,9.9187,4,historical/curated,GeoNames (via world-cities/joelacus),Seleção histórica curada; países de grande relevância histórica têm mais de 5 cidades. Vaticano é exceção por ser uma cidade-Estado.
Dinamarca,DK,Aabenraa,55.04434,9.41741,5,major-city fallback,GeoNames (via world-cities/joelacus),Seleção histórica curada; países de grande relevância histórica têm mais de 5 cidades. Vaticano é exceção por ser uma cidade-Estado.
Djibuti,DJ,Djibouti,11.58901,43.14503,1,historical/curated,GeoNames (via world-cities/joelacus),Seleção histórica curada; países de grande relevância histórica têm mais de 5 cidades. Vaticano é exceção por ser uma cidade-Estado.
Djibuti,DJ,Tadjoura,11.78778,42.88222,2,historical/curated,GeoNames (via world-cities/joelacus),Seleção histórica curada; países de grande relevância histórica têm mais de 5 cidades. Vaticano é exceção por ser uma cidade-Estado.
Djibuti,DJ,Obock,11.96693,43.28835,3,historical/curated,GeoNames (via world-cities/joelacus),Seleção histórica curada; países de grande relevância histórica têm mais de 5 cidades. Vaticano é exceção por ser uma cidade-Estado.
Djibuti,DJ,Airolaf,11.77028,42.65194,4,major-city fallback,GeoNames (via world-cities/joelacus),Seleção histórica curada; países de grande relevância histórica têm mais de 5 cidades. Vaticano é exceção por ser uma cidade-Estado.
Djibuti,DJ,Alaïli Ḏaḏḏa‘,12.42167,42.89556,5,major-city fallback,GeoNames (via world-cities/joelacus),Seleção histórica curada; países de grande relevância histórica têm mais de 5 cidades. Vaticano é exceção por ser uma cidade-Estado.
Dominica,DM,Roseau,15.30174,-61.38808,1,historical/curated,GeoNames (via world-cities/joelacus),Seleção histórica curada; países de grande relevância histórica têm mais de 5 cidades. Vaticano é exceção por ser uma cidade-Estado.
Dominica,DM,Portsmouth,15.58288,-61.45592,2,historical/curated,GeoNames (via world-cities/joelacus),Seleção histórica curada; países de grande relevância histórica têm mais de 5 cidades. Vaticano é exceção por ser uma cidade-Estado.
Dominica,DM,Marigot,15.53743,-61.282,3,historical/curated,GeoNames (via world-cities/joelacus),Seleção histórica curada; países de grande relevância histórica têm mais de 5 cidades. Vaticano é exceção por ser uma cidade-Estado.
Dominica,DM,Berekua,15.23333,-61.31667,4,major-city fallback,GeoNames (via world-cities/joelacus),Seleção histórica curada; países de grande relevância histórica têm mais de 5 cidades. Vaticano é exceção por ser uma cidade-Estado.
Dominica,DM,Calibishie,15.59297,-61.34901,5,major-city fallback,GeoNames (via world-cities/joelacus),Seleção histórica curada; países de grande relevância histórica têm mais de 5 cidades. Vaticano é exceção por ser uma cidade-Estado.
República Dominicana,DO,Santo Domingo,18.47186,-69.89232,1,historical/curated,GeoNames (via world-cities/joelacus),Seleção histórica curada; países de grande relevância histórica têm mais de 5 cidades. Vaticano é exceção por ser uma cidade-Estado.
República Dominicana,DO,Santiago de los Caballeros,19.45036,-70.69085,2,historical/curated,GeoNames (via world-cities/joelacus),Seleção histórica curada; países de grande relevância histórica têm mais de 5 cidades. Vaticano é exceção por ser uma cidade-Estado.
República Dominicana,DO,La Romana,18.42332,-68.96635,3,historical/curated,GeoNames (via world-cities/joelacus),Seleção histórica curada; países de grande relevância histórica têm mais de 5 cidades. Vaticano é exceção por ser uma cidade-Estado.
República Dominicana,DO,Puerto Plata,19.79344,-70.6884,4,historical/curated,GeoNames (via world-cities/joelacus),Seleção histórica curada; países de grande relevância histórica têm mais de 5 cidades. Vaticano é exceção por ser uma cidade-Estado.
República Dominicana,DO,San Pedro de Macorís,18.4539,-69.30864,5,historical/curated,GeoNames (via world-cities/joelacus),Seleção histórica curada; países de grande relevância histórica têm mais de 5 cidades. Vaticano é exceção por ser uma cidade-Estado.
Equador,EC,Quito,-0.22985,-78.52495,1,historical/curated,GeoNames (via world-cities/joelacus),Seleção histórica curada; países de grande relevância histórica têm mais de 5 cidades. Vaticano é exceção por ser uma cidade-Estado.
Equador,EC,Cuenca,-2.8953,-78.9963,2,historical/curated,GeoNames (via world-cities/joelacus),Seleção histórica curada; países de grande relevância histórica têm mais de 5 cidades. Vaticano é exceção por ser uma cidade-Estado.
Equador,EC,Guayaquil,-2.19616,-79.88621,3,historical/curated,GeoNames (via world-cities/joelacus),Seleção histórica curada; países de grande relevância histórica têm mais de 5 cidades. Vaticano é exceção por ser uma cidade-Estado.
Equador,EC,Loja,-3.99313,-79.20422,4,historical/curated,GeoNames (via world-cities/joelacus),Seleção histórica curada; países de grande relevância histórica têm mais de 5 cidades. Vaticano é exceção por ser uma cidade-Estado.
Equador,EC,Riobamba,-1.66506,-78.65887,5,historical/curated,GeoNames (via world-cities/joelacus),Seleção histórica curada; países de grande relevância histórica têm mais de 5 cidades. Vaticano é exceção por ser uma cidade-Estado.
Egito,EG,Cairo,30.06263,31.24967,1,historical/curated,GeoNames (via world-cities/joelacus),Seleção histórica curada; países de grande relevância histórica têm mais de 5 cidades. Vaticano é exceção por ser uma cidade-Estado.
Egito,EG,Alexandria,31.20176,29.91582,2,historical/curated,GeoNames (via world-cities/joelacus),Seleção histórica curada; países de grande relevância histórica têm mais de 5 cidades. Vaticano é exceção por ser uma cidade-Estado.
Egito,EG,Luxor,25.69893,32.6421,3,historical/curated,GeoNames (via world-cities/joelacus),Seleção histórica curada; países de grande relevância histórica têm mais de 5 cidades. Vaticano é exceção por ser uma cidade-Estado.
Egito,EG,Aswān,24.09082,32.89942,4,historical/curated,GeoNames (via world-cities/joelacus),Seleção histórica curada; países de grande relevância histórica têm mais de 5 cidades. Vaticano é exceção por ser uma cidade-Estado.
Egito,EG,Giza,30.00944,31.20861,5,historical/curated,GeoNames (via world-cities/joelacus),Seleção histórica curada; países de grande relevância histórica têm mais de 5 cidades. Vaticano é exceção por ser uma cidade-Estado.
Egito,EG,Port Said,31.26531,32.3019,6,historical/curated,GeoNames (via world-cities/joelacus),Seleção histórica curada; países de grande relevância histórica têm mais de 5 cidades. Vaticano é exceção por ser uma cidade-Estado.
El Salvador,SV,San Salvador,13.68935,-89.18718,1,historical/curated,GeoNames (via world-cities/joelacus),Seleção histórica curada; países de grande relevância histórica têm mais de 5 cidades. Vaticano é exceção por ser uma cidade-Estado.
El Salvador,SV,Santa Ana,13.98827,-89.55685,2,historical/curated,GeoNames (via world-cities/joelacus),Seleção histórica curada; países de grande relevância histórica têm mais de 5 cidades. Vaticano é exceção por ser uma cidade-Estado.
El Salvador,SV,Suchitoto,13.93806,-89.02778,3,historical/curated,GeoNames (via world-cities/joelacus),Seleção histórica curada; países de grande relevância histórica têm mais de 5 cidades. Vaticano é exceção por ser uma cidade-Estado.
El Salvador,SV,San Miguel,13.48261,-88.18211,4,historical/curated,GeoNames (via world-cities/joelacus),Seleção histórica curada; países de grande relevância histórica têm mais de 5 cidades. Vaticano é exceção por ser uma cidade-Estado.
El Salvador,SV,Sonsonate,13.71726,-89.72304,5,historical/curated,GeoNames (via world-cities/joelacus),Seleção histórica curada; países de grande relevância histórica têm mais de 5 cidades. Vaticano é exceção por ser uma cidade-Estado.
Guiné Equatorial,GQ,Malabo,3.75578,8.78166,1,historical/curated,GeoNames (via world-cities/joelacus),Seleção histórica curada; países de grande relevância histórica têm mais de 5 cidades. Vaticano é exceção por ser uma cidade-Estado.
Guiné Equatorial,GQ,Bata,1.86391,9.76582,2,historical/curated,GeoNames (via world-cities/joelacus),Seleção histórica curada; países de grande relevância histórica têm mais de 5 cidades. Vaticano é exceção por ser uma cidade-Estado.
Guiné Equatorial,GQ,Luba,3.45683,8.55465,3,historical/curated,GeoNames (via world-cities/joelacus),Seleção histórica curada; países de grande relevância histórica têm mais de 5 cidades. Vaticano é exceção por ser uma cidade-Estado.
Guiné Equatorial,GQ,Mongomo,1.62742,11.31346,4,historical/curated,GeoNames (via world-cities/joelacus),Seleção histórica curada; países de grande relevância histórica têm mais de 5 cidades. Vaticano é exceção por ser uma cidade-Estado.
Guiné Equatorial,GQ,Aconibe,1.29683,10.93691,5,major-city fallback,GeoNames (via world-cities/joelacus),Seleção histórica curada; países de grande relevância histórica têm mais de 5 cidades. Vaticano é exceção por ser uma cidade-Estado.
Eritreia,ER,Asmara,15.33805,38.93184,1,historical/curated,GeoNames (via world-cities/joelacus),Seleção histórica curada; países de grande relevância histórica têm mais de 5 cidades. Vaticano é exceção por ser uma cidade-Estado.
Eritreia,ER,Massawa,15.60811,39.47455,2,historical/curated,GeoNames (via world-cities/joelacus),Seleção histórica curada; países de grande relevância histórica têm mais de 5 cidades. Vaticano é exceção por ser uma cidade-Estado.
Eritreia,ER,Keren,15.77792,38.45107,3,historical/curated,GeoNames (via world-cities/joelacus),Seleção histórica curada; países de grande relevância histórica têm mais de 5 cidades. Vaticano é exceção por ser uma cidade-Estado.
Eritreia,ER,Adi Keyh,14.84444,39.37722,4,major-city fallback,GeoNames (via world-cities/joelacus),Seleção histórica curada; países de grande relevância histórica têm mais de 5 cidades. Vaticano é exceção por ser uma cidade-Estado.
Eritreia,ER,Ak’ordat,15.54798,37.88291,5,major-city fallback,GeoNames (via world-cities/joelacus),Seleção histórica curada; países de grande relevância histórica têm mais de 5 cidades. Vaticano é exceção por ser uma cidade-Estado.
Estônia,EE,Tallinn,59.43696,24.75353,1,historical/curated,GeoNames (via world-cities/joelacus),Seleção histórica curada; países de grande relevância histórica têm mais de 5 cidades. Vaticano é exceção por ser uma cidade-Estado.
Estônia,EE,Tartu,58.38062,26.72509,2,historical/curated,GeoNames (via world-cities/joelacus),Seleção histórica curada; países de grande relevância histórica têm mais de 5 cidades. Vaticano é exceção por ser uma cidade-Estado.
Estônia,EE,Narva,59.37722,28.19028,3,historical/curated,GeoNames (via world-cities/joelacus),Seleção histórica curada; países de grande relevância histórica têm mais de 5 cidades. Vaticano é exceção por ser uma cidade-Estado.
Estônia,EE,Pärnu,58.38588,24.49711,4,historical/curated,GeoNames (via world-cities/joelacus),Seleção histórica curada; países de grande relevância histórica têm mais de 5 cidades. Vaticano é exceção por ser uma cidade-Estado.
Estônia,EE,Viljandi,58.36319,25.59159,5,historical/curated,GeoNames (via world-cities/joelacus),Seleção histórica curada; países de grande relevância histórica têm mais de 5 cidades. Vaticano é exceção por ser uma cidade-Estado.
Essuatíni,SZ,Mbabane,-26.31667,31.13333,1,historical/curated,GeoNames (via world-cities/joelacus),Seleção histórica curada; países de grande relevância histórica têm mais de 5 cidades. Vaticano é exceção por ser uma cidade-Estado.
Essuatíni,SZ,Lobamba,-26.46667,31.2,2,historical/curated,GeoNames (via world-cities/joelacus),Seleção histórica curada; países de grande relevância histórica têm mais de 5 cidades. Vaticano é exceção por ser uma cidade-Estado.
Essuatíni,SZ,Manzini,-26.49884,31.38004,3,historical/curated,GeoNames (via world-cities/joelacus),Seleção histórica curada; países de grande relevância histórica têm mais de 5 cidades. Vaticano é exceção por ser uma cidade-Estado.
Essuatíni,SZ,Nhlangano,-27.11222,31.19833,4,historical/curated,GeoNames (via world-cities/joelacus),Seleção histórica curada; países de grande relevância histórica têm mais de 5 cidades. Vaticano é exceção por ser uma cidade-Estado.
Essuatíni,SZ,Siteki,-26.4525,31.94722,5,historical/curated,GeoNames (via world-cities/joelacus),Seleção histórica curada; países de grande relevância histórica têm mais de 5 cidades. Vaticano é exceção por ser uma cidade-Estado.
Etiópia,ET,Addis Ababa,9.02497,38.74689,1,historical/curated,GeoNames (via world-cities/joelacus),Seleção histórica curada; países de grande relevância histórica têm mais de 5 cidades. Vaticano é exceção por ser uma cidade-Estado.
Etiópia,ET,Lalibela,12.03219,39.04756,2,historical/curated,GeoNames (via world-cities/joelacus),Seleção histórica curada; países de grande relevância histórica têm mais de 5 cidades. Vaticano é exceção por ser uma cidade-Estado.
Etiópia,ET,Harar,9.31387,42.11815,3,historical/curated,GeoNames (via world-cities/joelacus),Seleção histórica curada; países de grande relevância histórica têm mais de 5 cidades. Vaticano é exceção por ser uma cidade-Estado.
Etiópia,ET,Dire Dawa,9.59306,41.86611,4,historical/curated,GeoNames (via world-cities/joelacus),Seleção histórica curada; países de grande relevância histórica têm mais de 5 cidades. Vaticano é exceção por ser uma cidade-Estado.
Etiópia,ET,Abala,14.23333,37.0,5,major-city fallback,GeoNames (via world-cities/joelacus),Seleção histórica curada; países de grande relevância histórica têm mais de 5 cidades. Vaticano é exceção por ser uma cidade-Estado.
Fiji,FJ,Suva,-18.13683,178.42531,1,historical/curated,GeoNames (via world-cities/joelacus),Seleção histórica curada; países de grande relevância histórica têm mais de 5 cidades. Vaticano é exceção por ser uma cidade-Estado.
Fiji,FJ,Levuka,-18.06667,179.31667,2,historical/curated,GeoNames (via world-cities/joelacus),Seleção histórica curada; países de grande relevância histórica têm mais de 5 cidades. Vaticano é exceção por ser uma cidade-Estado.
Fiji,FJ,Lautoka,-17.61686,177.45049,3,historical/curated,GeoNames (via world-cities/joelacus),Seleção histórica curada; países de grande relevância histórica têm mais de 5 cidades. Vaticano é exceção por ser uma cidade-Estado.
Fiji,FJ,Nadi,-17.80309,177.41617,4,historical/curated,GeoNames (via world-cities/joelacus),Seleção histórica curada; países de grande relevância histórica têm mais de 5 cidades. Vaticano é exceção por ser uma cidade-Estado.
Fiji,FJ,Ahau,-12.5,177.05,5,major-city fallback,GeoNames (via world-cities/joelacus),Seleção histórica curada; países de grande relevância histórica têm mais de 5 cidades. Vaticano é exceção por ser uma cidade-Estado.
Finlândia,FI,Helsinki,60.16952,24.93545,1,historical/curated,GeoNames (via world-cities/joelacus),Seleção histórica curada; países de grande relevância histórica têm mais de 5 cidades. Vaticano é exceção por ser uma cidade-Estado.
Finlândia,FI,Turku,60.45148,22.26869,2,historical/curated,GeoNames (via world-cities/joelacus),Seleção histórica curada; países de grande relevância histórica têm mais de 5 cidades. Vaticano é exceção por ser uma cidade-Estado.
Finlândia,FI,Tampere,61.49911,23.78712,3,historical/curated,GeoNames (via world-cities/joelacus),Seleção histórica curada; países de grande relevância histórica têm mais de 5 cidades. Vaticano é exceção por ser uma cidade-Estado.
Finlândia,FI,Porvoo,60.39233,25.66507,4,historical/curated,GeoNames (via world-cities/joelacus),Seleção histórica curada; países de grande relevância histórica têm mais de 5 cidades. Vaticano é exceção por ser uma cidade-Estado.
Finlândia,FI,Akaa,61.16667,23.86667,5,major-city fallback,GeoNames (via world-cities/joelacus),Seleção histórica curada; países de grande relevância histórica têm mais de 5 cidades. Vaticano é exceção por ser uma cidade-Estado.
França,FR,Paris,48.85341,2.3488,1,historical/curated,GeoNames (via world-cities/joelacus),Seleção histórica curada; países de grande relevância histórica têm mais de 5 cidades. Vaticano é exceção por ser uma cidade-Estado.
França,FR,Lyon,45.74906,4.84789,2,historical/curated,GeoNames (via world-cities/joelacus),Seleção histórica curada; países de grande relevância histórica têm mais de 5 cidades. Vaticano é exceção por ser uma cidade-Estado.
França,FR,Marseille,43.29695,5.38107,3,historical/curated,GeoNames (via world-cities/joelacus),Seleção histórica curada; países de grande relevância histórica têm mais de 5 cidades. Vaticano é exceção por ser uma cidade-Estado.
França,FR,Bordeaux,44.84124,-0.58046,4,historical/curated,GeoNames (via world-cities/joelacus),Seleção histórica curada; países de grande relevância histórica têm mais de 5 cidades. Vaticano é exceção por ser uma cidade-Estado.
França,FR,Toulouse,43.60426,1.44367,5,historical/curated,GeoNames (via world-cities/joelacus),Seleção histórica curada; países de grande relevância histórica têm mais de 5 cidades. Vaticano é exceção por ser uma cidade-Estado.
França,FR,Rouen,49.44313,1.09932,6,historical/curated,GeoNames (via world-cities/joelacus),Seleção histórica curada; países de grande relevância histórica têm mais de 5 cidades. Vaticano é exceção por ser uma cidade-Estado.
França,FR,Reims,49.26526,4.02853,7,historical/curated,GeoNames (via world-cities/joelacus),Seleção histórica curada; países de grande relevância histórica têm mais de 5 cidades. Vaticano é exceção por ser uma cidade-Estado.
França,FR,Avignon,43.94834,4.80892,8,historical/curated,GeoNames (via world-cities/joelacus),Seleção histórica curada; países de grande relevância histórica têm mais de 5 cidades. Vaticano é exceção por ser uma cidade-Estado.
França,FR,Strasbourg,48.58392,7.74553,9,historical/curated,GeoNames (via world-cities/joelacus),Seleção histórica curada; países de grande relevância histórica têm mais de 5 cidades. Vaticano é exceção por ser uma cidade-Estado.
França,FR,Nantes,47.21725,-1.55336,10,historical/curated,GeoNames (via world-cities/joelacus),Seleção histórica curada; países de grande relevância histórica têm mais de 5 cidades. Vaticano é exceção por ser uma cidade-Estado.
Gabão,GA,Libreville,0.39241,9.45356,1,historical/curated,GeoNames (via world-cities/joelacus),Seleção histórica curada; países de grande relevância histórica têm mais de 5 cidades. Vaticano é exceção por ser uma cidade-Estado.
Gabão,GA,Lambaréné,-0.7001,10.24055,2,historical/curated,GeoNames (via world-cities/joelacus),Seleção histórica curada; países de grande relevância histórica têm mais de 5 cidades. Vaticano é exceção por ser uma cidade-Estado.
Gabão,GA,Franceville,-1.63333,13.58357,3,historical/curated,GeoNames (via world-cities/joelacus),Seleção histórica curada; países de grande relevância histórica têm mais de 5 cidades. Vaticano é exceção por ser uma cidade-Estado.
Gabão,GA,Port-Gentil,-0.71933,8.78151,4,historical/curated,GeoNames (via world-cities/joelacus),Seleção histórica curada; países de grande relevância histórica têm mais de 5 cidades. Vaticano é exceção por ser uma cidade-Estado.
Gabão,GA,Aboumi,-0.65522,14.13827,5,major-city fallback,GeoNames (via world-cities/joelacus),Seleção histórica curada; países de grande relevância histórica têm mais de 5 cidades. Vaticano é exceção por ser uma cidade-Estado.
Gâmbia,GM,Banjul,13.45274,-16.57803,1,historical/curated,GeoNames (via world-cities/joelacus),Seleção histórica curada; países de grande relevância histórica têm mais de 5 cidades. Vaticano é exceção por ser uma cidade-Estado.
Gâmbia,GM,Bakau,13.47806,-16.68194,2,historical/curated,GeoNames (via world-cities/joelacus),Seleção histórica curada; países de grande relevância histórica têm mais de 5 cidades. Vaticano é exceção por ser uma cidade-Estado.
Gâmbia,GM,Brikama,13.27136,-16.64944,3,historical/curated,GeoNames (via world-cities/joelacus),Seleção histórica curada; países de grande relevância histórica têm mais de 5 cidades. Vaticano é exceção por ser uma cidade-Estado.
Gâmbia,GM,Barra,13.48278,-16.54556,4,historical/curated,GeoNames (via world-cities/joelacus),Seleção histórica curada; países de grande relevância histórica têm mais de 5 cidades. Vaticano é exceção por ser uma cidade-Estado.
Gâmbia,GM,Abuko,13.40417,-16.65583,5,major-city fallback,GeoNames (via world-cities/joelacus),Seleção histórica curada; países de grande relevância histórica têm mais de 5 cidades. Vaticano é exceção por ser uma cidade-Estado.
Geórgia,GE,Tbilisi,41.69143,44.83412,1,historical/curated,GeoNames (via world-cities/joelacus),Seleção histórica curada; países de grande relevância histórica têm mais de 5 cidades. Vaticano é exceção por ser uma cidade-Estado.
Geórgia,GE,Kutaisi,42.26791,42.69459,2,historical/curated,GeoNames (via world-cities/joelacus),Seleção histórica curada; países de grande relevância histórica têm mais de 5 cidades. Vaticano é exceção por ser uma cidade-Estado.
Geórgia,GE,Mtskheta,41.84514,44.71875,3,historical/curated,GeoNames (via world-cities/joelacus),Seleção histórica curada; países de grande relevância histórica têm mais de 5 cidades. Vaticano é exceção por ser uma cidade-Estado.
Geórgia,GE,Batumi,41.64077,41.6306,4,historical/curated,GeoNames (via world-cities/joelacus),Seleção histórica curada; países de grande relevância histórica têm mais de 5 cidades. Vaticano é exceção por ser uma cidade-Estado.
Geórgia,GE,Gori,41.98532,44.1129,5,historical/curated,GeoNames (via world-cities/joelacus),Seleção histórica curada; países de grande relevância histórica têm mais de 5 cidades. Vaticano é exceção por ser uma cidade-Estado.
Alemanha,DE,Berlin,52.52437,13.41053,1,historical/curated,GeoNames (via world-cities/joelacus),Seleção histórica curada; países de grande relevância histórica têm mais de 5 cidades. Vaticano é exceção por ser uma cidade-Estado.
Alemanha,DE,Munich,48.13743,11.57549,2,historical/curated,GeoNames (via world-cities/joelacus),Seleção histórica curada; países de grande relevância histórica têm mais de 5 cidades. Vaticano é exceção por ser uma cidade-Estado.
Alemanha,DE,Hamburg,53.55073,9.99302,3,historical/curated,GeoNames (via world-cities/joelacus),Seleção histórica curada; países de grande relevância histórica têm mais de 5 cidades. Vaticano é exceção por ser uma cidade-Estado.
Alemanha,DE,Aachen,50.77664,6.08342,4,historical/curated,GeoNames (via world-cities/joelacus),Seleção histórica curada; países de grande relevância histórica têm mais de 5 cidades. Vaticano é exceção por ser uma cidade-Estado.
Alemanha,DE,Nuremberg,49.45421,11.07752,5,historical/curated,GeoNames (via world-cities/joelacus),Seleção histórica curada; países de grande relevância histórica têm mais de 5 cidades. Vaticano é exceção por ser uma cidade-Estado.
Alemanha,DE,Dresden,51.05089,13.73832,6,historical/curated,GeoNames (via world-cities/joelacus),Seleção histórica curada; países de grande relevância histórica têm mais de 5 cidades. Vaticano é exceção por ser uma cidade-Estado.
Alemanha,DE,Leipzig,51.33962,12.37129,7,historical/curated,GeoNames (via world-cities/joelacus),Seleção histórica curada; países de grande relevância histórica têm mais de 5 cidades. Vaticano é exceção por ser uma cidade-Estado.
Alemanha,DE,Trier,49.75565,6.63935,8,historical/curated,GeoNames (via world-cities/joelacus),Seleção histórica curada; países de grande relevância histórica têm mais de 5 cidades. Vaticano é exceção por ser uma cidade-Estado.
Alemanha,DE,Regensburg,49.01513,12.10161,9,historical/curated,GeoNames (via world-cities/joelacus),Seleção histórica curada; países de grande relevância histórica têm mais de 5 cidades. Vaticano é exceção por ser uma cidade-Estado.
Gana,GH,Accra,5.55602,-0.1969,1,historical/curated,GeoNames (via world-cities/joelacus),Seleção histórica curada; países de grande relevância histórica têm mais de 5 cidades. Vaticano é exceção por ser uma cidade-Estado.
Gana,GH,Kumasi,6.68848,-1.62443,2,historical/curated,GeoNames (via world-cities/joelacus),Seleção histórica curada; países de grande relevância histórica têm mais de 5 cidades. Vaticano é exceção por ser uma cidade-Estado.
Gana,GH,Cape Coast,5.10535,-1.2466,3,historical/curated,GeoNames (via world-cities/joelacus),Seleção histórica curada; países de grande relevância histórica têm mais de 5 cidades. Vaticano é exceção por ser uma cidade-Estado.
Gana,GH,Elmina,5.0847,-1.35093,4,historical/curated,GeoNames (via world-cities/joelacus),Seleção histórica curada; países de grande relevância histórica têm mais de 5 cidades. Vaticano é exceção por ser uma cidade-Estado.
Gana,GH,Tamale,9.40079,-0.8393,5,historical/curated,GeoNames (via world-cities/joelacus),Seleção histórica curada; países de grande relevância histórica têm mais de 5 cidades. Vaticano é exceção por ser uma cidade-Estado.
Grécia,GR,Athens,37.98376,23.72784,1,historical/curated,GeoNames (via world-cities/joelacus),Seleção histórica curada; países de grande relevância histórica têm mais de 5 cidades. Vaticano é exceção por ser uma cidade-Estado.
Grécia,GR,Sparta,37.07446,22.43009,2,historical/curated,GeoNames (via world-cities/joelacus),Seleção histórica curada; países de grande relevância histórica têm mais de 5 cidades. Vaticano é exceção por ser uma cidade-Estado.
Grécia,GR,Thessaloníki,40.64072,22.93493,3,historical/curated,GeoNames (via world-cities/joelacus),Seleção histórica curada; países de grande relevância histórica têm mais de 5 cidades. Vaticano é exceção por ser uma cidade-Estado.
Grécia,GR,Rhodes,36.43556,28.22199,4,historical/curated,GeoNames (via world-cities/joelacus),Seleção histórica curada; países de grande relevância histórica têm mais de 5 cidades. Vaticano é exceção por ser uma cidade-Estado.
Grécia,GR,Delphi,38.47942,22.49357,5,historical/curated,GeoNames (via world-cities/joelacus),Seleção histórica curada; países de grande relevância histórica têm mais de 5 cidades. Vaticano é exceção por ser uma cidade-Estado.
Granada,GD,Grenville,12.12278,-61.62498,1,historical/curated,GeoNames (via world-cities/joelacus),Seleção histórica curada; países de grande relevância histórica têm mais de 5 cidades. Vaticano é exceção por ser uma cidade-Estado.
Granada,GD,Gouyave,12.16462,-61.72965,2,major-city fallback,GeoNames (via world-cities/joelacus),Seleção histórica curada; países de grande relevância histórica têm mais de 5 cidades. Vaticano é exceção por ser uma cidade-Estado.
Granada,GD,Grand Roy,12.1322,-61.74537,3,major-city fallback,GeoNames (via world-cities/joelacus),Seleção histórica curada; países de grande relevância histórica têm mais de 5 cidades. Vaticano é exceção por ser uma cidade-Estado.
Granada,GD,Hillsborough,12.48292,-61.45597,4,major-city fallback,GeoNames (via world-cities/joelacus),Seleção histórica curada; países de grande relevância histórica têm mais de 5 cidades. Vaticano é exceção por ser uma cidade-Estado.
Granada,GD,Saint David’s,12.04903,-61.66875,5,major-city fallback,GeoNames (via world-cities/joelacus),Seleção histórica curada; países de grande relevância histórica têm mais de 5 cidades. Vaticano é exceção por ser uma cidade-Estado.
Guatemala,GT,Guatemala City,14.64072,-90.51327,1,historical/curated,GeoNames (via world-cities/joelacus),Seleção histórica curada; países de grande relevância histórica têm mais de 5 cidades. Vaticano é exceção por ser uma cidade-Estado.
Guatemala,GT,Antigua Guatemala,14.55636,-90.7332,2,historical/curated,GeoNames (via world-cities/joelacus),Seleção histórica curada; países de grande relevância histórica têm mais de 5 cidades. Vaticano é exceção por ser uma cidade-Estado.
Guatemala,GT,Quetzaltenango,14.84462,-91.52316,3,historical/curated,GeoNames (via world-cities/joelacus),Seleção histórica curada; países de grande relevância histórica têm mais de 5 cidades. Vaticano é exceção por ser uma cidade-Estado.
Guatemala,GT,Flores,16.92258,-89.89941,4,historical/curated,GeoNames (via world-cities/joelacus),Seleção histórica curada; países de grande relevância histórica têm mais de 5 cidades. Vaticano é exceção por ser uma cidade-Estado.
Guatemala,GT,Acatenango,14.55451,-90.94368,5,major-city fallback,GeoNames (via world-cities/joelacus),Seleção histórica curada; países de grande relevância histórica têm mais de 5 cidades. Vaticano é exceção por ser uma cidade-Estado.
Guiné,GN,Conakry,9.53795,-13.67729,1,historical/curated,GeoNames (via world-cities/joelacus),Seleção histórica curada; países de grande relevância histórica têm mais de 5 cidades. Vaticano é exceção por ser uma cidade-Estado.
Guiné,GN,Kankan,10.38542,-9.30568,2,historical/curated,GeoNames (via world-cities/joelacus),Seleção histórica curada; países de grande relevância histórica têm mais de 5 cidades. Vaticano é exceção por ser uma cidade-Estado.
Guiné,GN,Labé,11.31823,-12.28332,3,historical/curated,GeoNames (via world-cities/joelacus),Seleção histórica curada; países de grande relevância histórica têm mais de 5 cidades. Vaticano é exceção por ser uma cidade-Estado.
Guiné,GN,Kindia,10.05692,-12.86576,4,historical/curated,GeoNames (via world-cities/joelacus),Seleção histórica curada; países de grande relevância histórica têm mais de 5 cidades. Vaticano é exceção por ser uma cidade-Estado.
Guiné,GN,Nzérékoré,7.75624,-8.8179,5,historical/curated,GeoNames (via world-cities/joelacus),Seleção histórica curada; países de grande relevância histórica têm mais de 5 cidades. Vaticano é exceção por ser uma cidade-Estado.
Guiné-Bissau,GW,Bissau,11.86357,-15.59767,1,historical/curated,GeoNames (via world-cities/joelacus),Seleção histórica curada; países de grande relevância histórica têm mais de 5 cidades. Vaticano é exceção por ser uma cidade-Estado.
Guiné-Bissau,GW,Cacheu,12.27444,-16.16528,2,historical/curated,GeoNames (via world-cities/joelacus),Seleção histórica curada; países de grande relevância histórica têm mais de 5 cidades. Vaticano é exceção por ser uma cidade-Estado.
Guiné-Bissau,GW,Bolama,11.57694,-15.47611,3,historical/curated,GeoNames (via world-cities/joelacus),Seleção histórica curada; países de grande relevância histórica têm mais de 5 cidades. Vaticano é exceção por ser uma cidade-Estado.
Guiné-Bissau,GW,Bafatá,12.16583,-14.66167,4,historical/curated,GeoNames (via world-cities/joelacus),Seleção histórica curada; países de grande relevância histórica têm mais de 5 cidades. Vaticano é exceção por ser uma cidade-Estado.
Guiné-Bissau,GW,Ajuda,11.86035,-15.61351,5,major-city fallback,GeoNames (via world-cities/joelacus),Seleção histórica curada; países de grande relevância histórica têm mais de 5 cidades. Vaticano é exceção por ser uma cidade-Estado.
Guiana,GY,Georgetown,6.80448,-58.15527,1,historical/curated,GeoNames (via world-cities/joelacus),Seleção histórica curada; países de grande relevância histórica têm mais de 5 cidades. Vaticano é exceção por ser uma cidade-Estado.
Guiana,GY,New Amsterdam,6.24924,-57.51578,2,historical/curated,GeoNames (via world-cities/joelacus),Seleção histórica curada; países de grande relevância histórica têm mais de 5 cidades. Vaticano é exceção por ser uma cidade-Estado.
Guiana,GY,Bartica,6.40539,-58.62334,3,historical/curated,GeoNames (via world-cities/joelacus),Seleção histórica curada; países de grande relevância histórica têm mais de 5 cidades. Vaticano é exceção por ser uma cidade-Estado.
Guiana,GY,Linden,6.00815,-58.30724,4,historical/curated,GeoNames (via world-cities/joelacus),Seleção histórica curada; países de grande relevância histórica têm mais de 5 cidades. Vaticano é exceção por ser uma cidade-Estado.
Guiana,GY,Anna Regina,7.26555,-58.48265,5,major-city fallback,GeoNames (via world-cities/joelacus),Seleção histórica curada; países de grande relevância histórica têm mais de 5 cidades. Vaticano é exceção por ser uma cidade-Estado.
Haiti,HT,Port-au-Prince,18.54349,-72.33881,1,historical/curated,GeoNames (via world-cities/joelacus),Seleção histórica curada; países de grande relevância histórica têm mais de 5 cidades. Vaticano é exceção por ser uma cidade-Estado.
Haiti,HT,Cap-Haïtien,19.75938,-72.19815,2,historical/curated,GeoNames (via world-cities/joelacus),Seleção histórica curada; países de grande relevância histórica têm mais de 5 cidades. Vaticano é exceção por ser uma cidade-Estado.
Haiti,HT,Jacmel,18.23569,-72.53686,3,historical/curated,GeoNames (via world-cities/joelacus),Seleção histórica curada; países de grande relevância histórica têm mais de 5 cidades. Vaticano é exceção por ser uma cidade-Estado.
Haiti,HT,Gonaïves,19.44755,-72.68928,4,historical/curated,GeoNames (via world-cities/joelacus),Seleção histórica curada; países de grande relevância histórica têm mais de 5 cidades. Vaticano é exceção por ser uma cidade-Estado.
Haiti,HT,Léogâne,18.5111,-72.63343,5,historical/curated,GeoNames (via world-cities/joelacus),Seleção histórica curada; países de grande relevância histórica têm mais de 5 cidades. Vaticano é exceção por ser uma cidade-Estado.
Cidade do Vaticano,VA,Vatican City,41.90268,12.45414,1,historical/curated,GeoNames (via world-cities/joelacus),Seleção histórica curada; países de grande relevância histórica têm mais de 5 cidades. Vaticano é exceção por ser uma cidade-Estado.
Honduras,HN,Tegucigalpa,14.0818,-87.20681,1,historical/curated,GeoNames (via world-cities/joelacus),Seleção histórica curada; países de grande relevância histórica têm mais de 5 cidades. Vaticano é exceção por ser uma cidade-Estado.
Honduras,HN,San Pedro Sula,15.50585,-88.02588,2,historical/curated,GeoNames (via world-cities/joelacus),Seleção histórica curada; países de grande relevância histórica têm mais de 5 cidades. Vaticano é exceção por ser uma cidade-Estado.
Honduras,HN,Comayagua,14.45577,-87.63968,3,historical/curated,GeoNames (via world-cities/joelacus),Seleção histórica curada; países de grande relevância histórica têm mais de 5 cidades. Vaticano é exceção por ser uma cidade-Estado.
Honduras,HN,Copán Ruinas,14.83936,-89.15583,4,historical/curated,GeoNames (via world-cities/joelacus),Seleção histórica curada; países de grande relevância histórica têm mais de 5 cidades. Vaticano é exceção por ser uma cidade-Estado.
Honduras,HN,La Ceiba,15.75971,-86.78221,5,historical/curated,GeoNames (via world-cities/joelacus),Seleção histórica curada; países de grande relevância histórica têm mais de 5 cidades. Vaticano é exceção por ser uma cidade-Estado.
Hungria,HU,Budapest,47.49835,19.04045,1,historical/curated,GeoNames (via world-cities/joelacus),Seleção histórica curada; países de grande relevância histórica têm mais de 5 cidades. Vaticano é exceção por ser uma cidade-Estado.
Hungria,HU,Pécs,46.07617,18.22814,2,historical/curated,GeoNames (via world-cities/joelacus),Seleção histórica curada; países de grande relevância histórica têm mais de 5 cidades. Vaticano é exceção por ser uma cidade-Estado.
Hungria,HU,Szeged,46.253,20.14824,3,historical/curated,GeoNames (via world-cities/joelacus),Seleção histórica curada; países de grande relevância histórica têm mais de 5 cidades. Vaticano é exceção por ser uma cidade-Estado.
Hungria,HU,Debrecen,47.53167,21.62444,4,historical/curated,GeoNames (via world-cities/joelacus),Seleção histórica curada; países de grande relevância histórica têm mais de 5 cidades. Vaticano é exceção por ser uma cidade-Estado.
Hungria,HU,Esztergom,47.7928,18.74148,5,historical/curated,GeoNames (via world-cities/joelacus),Seleção histórica curada; países de grande relevância histórica têm mais de 5 cidades. Vaticano é exceção por ser uma cidade-Estado.
Islândia,IS,Reykjavík,64.13548,-21.89541,1,historical/curated,GeoNames (via world-cities/joelacus),Seleção histórica curada; países de grande relevância histórica têm mais de 5 cidades. Vaticano é exceção por ser uma cidade-Estado.
Islândia,IS,Akureyri,65.68353,-18.0878,2,historical/curated,GeoNames (via world-cities/joelacus),Seleção histórica curada; países de grande relevância histórica têm mais de 5 cidades. Vaticano é exceção por ser uma cidade-Estado.
Islândia,IS,Akranes,64.32179,-22.0749,3,major-city fallback,GeoNames (via world-cities/joelacus),Seleção histórica curada; países de grande relevância histórica têm mais de 5 cidades. Vaticano é exceção por ser uma cidade-Estado.
Islândia,IS,Borgarnes,64.56219,-21.90082,4,major-city fallback,GeoNames (via world-cities/joelacus),Seleção histórica curada; países de grande relevância histórica têm mais de 5 cidades. Vaticano é exceção por ser uma cidade-Estado.
Islândia,IS,Dalvík,65.97018,-18.52861,5,major-city fallback,GeoNames (via world-cities/joelacus),Seleção histórica curada; países de grande relevância histórica têm mais de 5 cidades. Vaticano é exceção por ser uma cidade-Estado.
Índia,IN,New Delhi,28.62137,77.2148,1,capital,GeoNames (via world-cities/joelacus),Seleção histórica curada; países de grande relevância histórica têm mais de 5 cidades. Vaticano é exceção por ser uma cidade-Estado.
Índia,IN,Delhi,28.65195,77.23149,2,historical/curated,GeoNames (via world-cities/joelacus),Seleção histórica curada; países de grande relevância histórica têm mais de 5 cidades. Vaticano é exceção por ser uma cidade-Estado.
Índia,IN,Mumbai,19.07283,72.88261,3,historical/curated,GeoNames (via world-cities/joelacus),Seleção histórica curada; países de grande relevância histórica têm mais de 5 cidades. Vaticano é exceção por ser uma cidade-Estado.
Índia,IN,Varanasi,25.31668,83.01041,4,historical/curated,GeoNames (via world-cities/joelacus),Seleção histórica curada; países de grande relevância histórica têm mais de 5 cidades. Vaticano é exceção por ser uma cidade-Estado.
Índia,IN,Agra,27.18333,78.01667,5,historical/curated,GeoNames (via world-cities/joelacus),Seleção histórica curada; países de grande relevância histórica têm mais de 5 cidades. Vaticano é exceção por ser uma cidade-Estado.
Índia,IN,Kolkata,22.56263,88.36304,6,historical/curated,GeoNames (via world-cities/joelacus),Seleção histórica curada; países de grande relevância histórica têm mais de 5 cidades. Vaticano é exceção por ser uma cidade-Estado.
Índia,IN,Patna,25.59408,85.13563,7,historical/curated,GeoNames (via world-cities/joelacus),Seleção histórica curada; países de grande relevância histórica têm mais de 5 cidades. Vaticano é exceção por ser uma cidade-Estado.
Índia,IN,Jaipur,26.91962,75.78781,8,historical/curated,GeoNames (via world-cities/joelacus),Seleção histórica curada; países de grande relevância histórica têm mais de 5 cidades. Vaticano é exceção por ser uma cidade-Estado.
Índia,IN,Hyderabad,17.38405,78.45636,9,historical/curated,GeoNames (via world-cities/joelacus),Seleção histórica curada; países de grande relevância histórica têm mais de 5 cidades. Vaticano é exceção por ser uma cidade-Estado.
Índia,IN,Madurai,9.919,78.11953,10,historical/curated,GeoNames (via world-cities/joelacus),Seleção histórica curada; países de grande relevância histórica têm mais de 5 cidades. Vaticano é exceção por ser uma cidade-Estado.
Indonésia,ID,Jakarta,-6.21462,106.84513,1,historical/curated,GeoNames (via world-cities/joelacus),Seleção histórica curada; países de grande relevância histórica têm mais de 5 cidades. Vaticano é exceção por ser uma cidade-Estado.
Indonésia,ID,Yogyakarta,-7.80139,110.36472,2,historical/curated,GeoNames (via world-cities/joelacus),Seleção histórica curada; países de grande relevância histórica têm mais de 5 cidades. Vaticano é exceção por ser uma cidade-Estado.
Indonésia,ID,Surabaya,-7.24917,112.75083,3,historical/curated,GeoNames (via world-cities/joelacus),Seleção histórica curada; países de grande relevância histórica têm mais de 5 cidades. Vaticano é exceção por ser uma cidade-Estado.
Indonésia,ID,Bandung,-8.1676,111.7844,4,historical/curated,GeoNames (via world-cities/joelacus),Seleção histórica curada; países de grande relevância histórica têm mais de 5 cidades. Vaticano é exceção por ser uma cidade-Estado.
Indonésia,ID,Semarang,-6.99306,110.42083,5,historical/curated,GeoNames (via world-cities/joelacus),Seleção histórica curada; países de grande relevância histórica têm mais de 5 cidades. Vaticano é exceção por ser uma cidade-Estado.
Irã,IR,Tehran,35.69439,51.42151,1,historical/curated,GeoNames (via world-cities/joelacus),Seleção histórica curada; países de grande relevância histórica têm mais de 5 cidades. Vaticano é exceção por ser uma cidade-Estado.
Irã,IR,Isfahan,32.65246,51.67462,2,historical/curated,GeoNames (via world-cities/joelacus),Seleção histórica curada; países de grande relevância histórica têm mais de 5 cidades. Vaticano é exceção por ser uma cidade-Estado.
Irã,IR,Shiraz,29.61031,52.53113,3,historical/curated,GeoNames (via world-cities/joelacus),Seleção histórica curada; países de grande relevância histórica têm mais de 5 cidades. Vaticano é exceção por ser uma cidade-Estado.
Irã,IR,Tabriz,38.08,46.2919,4,historical/curated,GeoNames (via world-cities/joelacus),Seleção histórica curada; países de grande relevância histórica têm mais de 5 cidades. Vaticano é exceção por ser uma cidade-Estado.
Irã,IR,Mashhad,36.29807,59.60567,5,historical/curated,GeoNames (via world-cities/joelacus),Seleção histórica curada; países de grande relevância histórica têm mais de 5 cidades. Vaticano é exceção por ser uma cidade-Estado.
Irã,IR,Yazd,31.89722,54.3675,6,historical/curated,GeoNames (via world-cities/joelacus),Seleção histórica curada; países de grande relevância histórica têm mais de 5 cidades. Vaticano é exceção por ser uma cidade-Estado.
Irã,IR,Qom,34.6401,50.8764,7,historical/curated,GeoNames (via world-cities/joelacus),Seleção histórica curada; países de grande relevância histórica têm mais de 5 cidades. Vaticano é exceção por ser uma cidade-Estado.
Iraque,IQ,Baghdad,33.34058,44.40088,1,historical/curated,GeoNames (via world-cities/joelacus),Seleção histórica curada; países de grande relevância histórica têm mais de 5 cidades. Vaticano é exceção por ser uma cidade-Estado.
Iraque,IQ,Mosul,36.335,43.11889,2,historical/curated,GeoNames (via world-cities/joelacus),Seleção histórica curada; países de grande relevância histórica têm mais de 5 cidades. Vaticano é exceção por ser uma cidade-Estado.
Iraque,IQ,Karbala,32.61603,44.02488,3,historical/curated,GeoNames (via world-cities/joelacus),Seleção histórica curada; países de grande relevância histórica têm mais de 5 cidades. Vaticano é exceção por ser uma cidade-Estado.
Iraque,IQ,Najaf,32.02594,44.34625,4,historical/curated,GeoNames (via world-cities/joelacus),Seleção histórica curada; países de grande relevância histórica têm mais de 5 cidades. Vaticano é exceção por ser uma cidade-Estado.
Iraque,IQ,Sāmarrā’,34.1959,43.88568,5,historical/curated,GeoNames (via world-cities/joelacus),Seleção histórica curada; países de grande relevância histórica têm mais de 5 cidades. Vaticano é exceção por ser uma cidade-Estado.
Iraque,IQ,Erbil,36.19117,44.00943,6,historical/curated,GeoNames (via world-cities/joelacus),Seleção histórica curada; países de grande relevância histórica têm mais de 5 cidades. Vaticano é exceção por ser uma cidade-Estado.
Irlanda,IE,Dublin,53.33306,-6.24889,1,historical/curated,GeoNames (via world-cities/joelacus),Seleção histórica curada; países de grande relevância histórica têm mais de 5 cidades. Vaticano é exceção por ser uma cidade-Estado.
Irlanda,IE,Cork,51.89797,-8.47061,2,historical/curated,GeoNames (via world-cities/joelacus),Seleção histórica curada; países de grande relevância histórica têm mais de 5 cidades. Vaticano é exceção por ser uma cidade-Estado.
Irlanda,IE,Limerick,52.66472,-8.62306,3,historical/curated,GeoNames (via world-cities/joelacus),Seleção histórica curada; países de grande relevância histórica têm mais de 5 cidades. Vaticano é exceção por ser uma cidade-Estado.
Irlanda,IE,Waterford,52.25833,-7.11194,4,historical/curated,GeoNames (via world-cities/joelacus),Seleção histórica curada; países de grande relevância histórica têm mais de 5 cidades. Vaticano é exceção por ser uma cidade-Estado.
Irlanda,IE,Kilkenny,52.65417,-7.25222,5,historical/curated,GeoNames (via world-cities/joelacus),Seleção histórica curada; países de grande relevância histórica têm mais de 5 cidades. Vaticano é exceção por ser uma cidade-Estado.
Israel,IL,Jerusalem,31.76904,35.21633,1,historical/curated,GeoNames (via world-cities/joelacus),Seleção histórica curada; países de grande relevância histórica têm mais de 5 cidades. Vaticano é exceção por ser uma cidade-Estado.
Israel,IL,Tel Aviv,32.08088,34.78057,2,historical/curated,GeoNames (via world-cities/joelacus),Seleção histórica curada; países de grande relevância histórica têm mais de 5 cidades. Vaticano é exceção por ser uma cidade-Estado.
Israel,IL,Haifa,32.81303,34.99928,3,historical/curated,GeoNames (via world-cities/joelacus),Seleção histórica curada; países de grande relevância histórica têm mais de 5 cidades. Vaticano é exceção por ser uma cidade-Estado.
Israel,IL,Nazareth,32.70087,35.29719,4,historical/curated,GeoNames (via world-cities/joelacus),Seleção histórica curada; países de grande relevância histórica têm mais de 5 cidades. Vaticano é exceção por ser uma cidade-Estado.
Israel,IL,Acre,32.92814,35.07647,5,historical/curated,GeoNames (via world-cities/joelacus),Seleção histórica curada; países de grande relevância histórica têm mais de 5 cidades. Vaticano é exceção por ser uma cidade-Estado.
Israel,IL,Jaffa,32.05043,34.75224,6,historical/curated,GeoNames (via world-cities/joelacus),Seleção histórica curada; países de grande relevância histórica têm mais de 5 cidades. Vaticano é exceção por ser uma cidade-Estado.
Israel,IL,Tiberias,32.79396,35.53152,7,historical/curated,GeoNames (via world-cities/joelacus),Seleção histórica curada; países de grande relevância histórica têm mais de 5 cidades. Vaticano é exceção por ser uma cidade-Estado.
Itália,IT,Rome,41.89193,12.51133,1,historical/curated,GeoNames (via world-cities/joelacus),Seleção histórica curada; países de grande relevância histórica têm mais de 5 cidades. Vaticano é exceção por ser uma cidade-Estado.
Itália,IT,Florence,43.77925,11.24626,2,historical/curated,GeoNames (via world-cities/joelacus),Seleção histórica curada; países de grande relevância histórica têm mais de 5 cidades. Vaticano é exceção por ser uma cidade-Estado.
Itália,IT,Venice,45.43713,12.33265,3,historical/curated,GeoNames (via world-cities/joelacus),Seleção histórica curada; países de grande relevância histórica têm mais de 5 cidades. Vaticano é exceção por ser uma cidade-Estado.
Itália,IT,Milan,45.46427,9.18951,4,historical/curated,GeoNames (via world-cities/joelacus),Seleção histórica curada; países de grande relevância histórica têm mais de 5 cidades. Vaticano é exceção por ser uma cidade-Estado.
Itália,IT,Naples,40.85216,14.26811,5,historical/curated,GeoNames (via world-cities/joelacus),Seleção histórica curada; países de grande relevância histórica têm mais de 5 cidades. Vaticano é exceção por ser uma cidade-Estado.
Itália,IT,Turin,45.07049,7.68682,6,historical/curated,GeoNames (via world-cities/joelacus),Seleção histórica curada; países de grande relevância histórica têm mais de 5 cidades. Vaticano é exceção por ser uma cidade-Estado.
Itália,IT,Bologna,44.49381,11.33875,7,historical/curated,GeoNames (via world-cities/joelacus),Seleção histórica curada; países de grande relevância histórica têm mais de 5 cidades. Vaticano é exceção por ser uma cidade-Estado.
Itália,IT,Genoa,44.40478,8.94439,8,historical/curated,GeoNames (via world-cities/joelacus),Seleção histórica curada; países de grande relevância histórica têm mais de 5 cidades. Vaticano é exceção por ser uma cidade-Estado.
Itália,IT,Pisa,43.70853,10.4036,9,historical/curated,GeoNames (via world-cities/joelacus),Seleção histórica curada; países de grande relevância histórica têm mais de 5 cidades. Vaticano é exceção por ser uma cidade-Estado.
Itália,IT,Siena,43.31822,11.33064,10,historical/curated,GeoNames (via world-cities/joelacus),Seleção histórica curada; países de grande relevância histórica têm mais de 5 cidades. Vaticano é exceção por ser uma cidade-Estado.
Jamaica,JM,Kingston,17.99702,-76.79358,1,historical/curated,GeoNames (via world-cities/joelacus),Seleção histórica curada; países de grande relevância histórica têm mais de 5 cidades. Vaticano é exceção por ser uma cidade-Estado.
Jamaica,JM,Spanish Town,17.99107,-76.95742,2,historical/curated,GeoNames (via world-cities/joelacus),Seleção histórica curada; países de grande relevância histórica têm mais de 5 cidades. Vaticano é exceção por ser uma cidade-Estado.
Jamaica,JM,Port Royal,17.93738,-76.84062,3,historical/curated,GeoNames (via world-cities/joelacus),Seleção histórica curada; países de grande relevância histórica têm mais de 5 cidades. Vaticano é exceção por ser uma cidade-Estado.
Jamaica,JM,Montego Bay,18.47116,-77.91883,4,historical/curated,GeoNames (via world-cities/joelacus),Seleção histórica curada; países de grande relevância histórica têm mais de 5 cidades. Vaticano é exceção por ser uma cidade-Estado.
Jamaica,JM,Above Rocks,18.10678,-76.87608,5,major-city fallback,GeoNames (via world-cities/joelacus),Seleção histórica curada; países de grande relevância histórica têm mais de 5 cidades. Vaticano é exceção por ser uma cidade-Estado.
Japão,JP,Tokyo,35.6895,139.69171,1,historical/curated,GeoNames (via world-cities/joelacus),Seleção histórica curada; países de grande relevância histórica têm mais de 5 cidades. Vaticano é exceção por ser uma cidade-Estado.
Japão,JP,Kyoto,35.02107,135.75385,2,historical/curated,GeoNames (via world-cities/joelacus),Seleção histórica curada; países de grande relevância histórica têm mais de 5 cidades. Vaticano é exceção por ser uma cidade-Estado.
Japão,JP,Osaka,34.69379,135.50107,3,historical/curated,GeoNames (via world-cities/joelacus),Seleção histórica curada; países de grande relevância histórica têm mais de 5 cidades. Vaticano é exceção por ser uma cidade-Estado.
Japão,JP,Kamakura,35.31085,139.54698,4,historical/curated,GeoNames (via world-cities/joelacus),Seleção histórica curada; países de grande relevância histórica têm mais de 5 cidades. Vaticano é exceção por ser uma cidade-Estado.
Japão,JP,Hiroshima,34.4,132.45,5,historical/curated,GeoNames (via world-cities/joelacus),Seleção histórica curada; países de grande relevância histórica têm mais de 5 cidades. Vaticano é exceção por ser uma cidade-Estado.
Japão,JP,Nagasaki,32.75,129.88333,6,historical/curated,GeoNames (via world-cities/joelacus),Seleção histórica curada; países de grande relevância histórica têm mais de 5 cidades. Vaticano é exceção por ser uma cidade-Estado.
Japão,JP,Kobe,34.6913,135.183,7,historical/curated,GeoNames (via world-cities/joelacus),Seleção histórica curada; países de grande relevância histórica têm mais de 5 cidades. Vaticano é exceção por ser uma cidade-Estado.
Jordânia,JO,Amman,31.95522,35.94503,1,historical/curated,GeoNames (via world-cities/joelacus),Seleção histórica curada; países de grande relevância histórica têm mais de 5 cidades. Vaticano é exceção por ser uma cidade-Estado.
Jordânia,JO,Aqaba,29.52667,35.00778,2,historical/curated,GeoNames (via world-cities/joelacus),Seleção histórica curada; países de grande relevância histórica têm mais de 5 cidades. Vaticano é exceção por ser uma cidade-Estado.
Jordânia,JO,Mādabā,31.71599,35.79392,3,historical/curated,GeoNames (via world-cities/joelacus),Seleção histórica curada; países de grande relevância histórica têm mais de 5 cidades. Vaticano é exceção por ser uma cidade-Estado.
Jordânia,JO,Ad Dīsah,29.65284,35.51123,4,major-city fallback,GeoNames (via world-cities/joelacus),Seleção histórica curada; países de grande relevância histórica têm mais de 5 cidades. Vaticano é exceção por ser uma cidade-Estado.
Jordânia,JO,Adhruḩ,30.3307,35.59659,5,major-city fallback,GeoNames (via world-cities/joelacus),Seleção histórica curada; países de grande relevância histórica têm mais de 5 cidades. Vaticano é exceção por ser uma cidade-Estado.
Cazaquistão,KZ,Astana,51.1801,71.44598,1,historical/curated,GeoNames (via world-cities/joelacus),Seleção histórica curada; países de grande relevância histórica têm mais de 5 cidades. Vaticano é exceção por ser uma cidade-Estado.
Cazaquistão,KZ,Almaty,43.25249,76.9115,2,historical/curated,GeoNames (via world-cities/joelacus),Seleção histórica curada; países de grande relevância histórica têm mais de 5 cidades. Vaticano é exceção por ser uma cidade-Estado.
Cazaquistão,KZ,Turkistan,43.29458,68.25685,3,historical/curated,GeoNames (via world-cities/joelacus),Seleção histórica curada; países de grande relevância histórica têm mais de 5 cidades. Vaticano é exceção por ser uma cidade-Estado.
Cazaquistão,KZ,Taraz,42.89799,71.37334,4,historical/curated,GeoNames (via world-cities/joelacus),Seleção histórica curada; países de grande relevância histórica têm mais de 5 cidades. Vaticano é exceção por ser uma cidade-Estado.
Cazaquistão,KZ,Shymkent,42.30988,69.60042,5,historical/curated,GeoNames (via world-cities/joelacus),Seleção histórica curada; países de grande relevância histórica têm mais de 5 cidades. Vaticano é exceção por ser uma cidade-Estado.
Quênia,KE,Nairobi,-1.28333,36.81667,1,historical/curated,GeoNames (via world-cities/joelacus),Seleção histórica curada; países de grande relevância histórica têm mais de 5 cidades. Vaticano é exceção por ser uma cidade-Estado.
Quênia,KE,Mombasa,-4.05466,39.66359,2,historical/curated,GeoNames (via world-cities/joelacus),Seleção histórica curada; países de grande relevância histórica têm mais de 5 cidades. Vaticano é exceção por ser uma cidade-Estado.
Quênia,KE,Lamu,-2.27169,40.90201,3,historical/curated,GeoNames (via world-cities/joelacus),Seleção histórica curada; países de grande relevância histórica têm mais de 5 cidades. Vaticano é exceção por ser uma cidade-Estado.
Quênia,KE,Malindi,-3.21799,40.11692,4,historical/curated,GeoNames (via world-cities/joelacus),Seleção histórica curada; países de grande relevância histórica têm mais de 5 cidades. Vaticano é exceção por ser uma cidade-Estado.
Quênia,KE,Kisumu,-0.10221,34.76171,5,historical/curated,GeoNames (via world-cities/joelacus),Seleção histórica curada; países de grande relevância histórica têm mais de 5 cidades. Vaticano é exceção por ser uma cidade-Estado.
Quiribati,KI,Tarawa,1.3278,172.97696,1,historical/curated,GeoNames (via world-cities/joelacus),Seleção histórica curada; países de grande relevância histórica têm mais de 5 cidades. Vaticano é exceção por ser uma cidade-Estado.
Quiribati,KI,Ambo Village,1.35317,173.04259,2,major-city fallback,GeoNames (via world-cities/joelacus),Seleção histórica curada; países de grande relevância histórica têm mais de 5 cidades. Vaticano é exceção por ser uma cidade-Estado.
Quiribati,KI,Bairiki Village,1.32924,172.97522,3,major-city fallback,GeoNames (via world-cities/joelacus),Seleção histórica curada; países de grande relevância histórica têm mais de 5 cidades. Vaticano é exceção por ser uma cidade-Estado.
Quiribati,KI,Banana,1.96865,-157.39361,4,major-city fallback,GeoNames (via world-cities/joelacus),Seleção histórica curada; países de grande relevância histórica têm mais de 5 cidades. Vaticano é exceção por ser uma cidade-Estado.
Quiribati,KI,Banana Village,1.98329,-157.36526,5,major-city fallback,GeoNames (via world-cities/joelacus),Seleção histórica curada; países de grande relevância histórica têm mais de 5 cidades. Vaticano é exceção por ser uma cidade-Estado.
Coreia do Norte,KP,Pyongyang,39.03385,125.75432,1,historical/curated,GeoNames (via world-cities/joelacus),Seleção histórica curada; países de grande relevância histórica têm mais de 5 cidades. Vaticano é exceção por ser uma cidade-Estado.
Coreia do Norte,KP,Kaesŏng,37.97083,126.55444,2,historical/curated,GeoNames (via world-cities/joelacus),Seleção histórica curada; países de grande relevância histórica têm mais de 5 cidades. Vaticano é exceção por ser uma cidade-Estado.
Coreia do Norte,KP,Hamhŭng,39.91833,127.53639,3,historical/curated,GeoNames (via world-cities/joelacus),Seleção histórica curada; países de grande relevância histórica têm mais de 5 cidades. Vaticano é exceção por ser uma cidade-Estado.
Coreia do Norte,KP,Wŏnsan,39.15278,127.44361,4,historical/curated,GeoNames (via world-cities/joelacus),Seleção histórica curada; países de grande relevância histórica têm mais de 5 cidades. Vaticano é exceção por ser uma cidade-Estado.
Coreia do Norte,KP,Sinŭiju,40.10056,124.39806,5,historical/curated,GeoNames (via world-cities/joelacus),Seleção histórica curada; países de grande relevância histórica têm mais de 5 cidades. Vaticano é exceção por ser uma cidade-Estado.
Coreia do Sul,KR,Seoul,37.566,126.9784,1,historical/curated,GeoNames (via world-cities/joelacus),Seleção histórica curada; países de grande relevância histórica têm mais de 5 cidades. Vaticano é exceção por ser uma cidade-Estado.
Coreia do Sul,KR,Gyeongju,35.84278,129.21167,2,historical/curated,GeoNames (via world-cities/joelacus),Seleção histórica curada; países de grande relevância histórica têm mais de 5 cidades. Vaticano é exceção por ser uma cidade-Estado.
Coreia do Sul,KR,Busan,35.10168,129.03004,3,historical/curated,GeoNames (via world-cities/joelacus),Seleção histórica curada; países de grande relevância histórica têm mais de 5 cidades. Vaticano é exceção por ser uma cidade-Estado.
Coreia do Sul,KR,Jeonju,35.82194,127.14889,4,historical/curated,GeoNames (via world-cities/joelacus),Seleção histórica curada; países de grande relevância histórica têm mais de 5 cidades. Vaticano é exceção por ser uma cidade-Estado.
Coreia do Sul,KR,Incheon,37.45646,126.70515,5,historical/curated,GeoNames (via world-cities/joelacus),Seleção histórica curada; países de grande relevância histórica têm mais de 5 cidades. Vaticano é exceção por ser uma cidade-Estado.
Kosovo,XK,Pristina,42.67272,21.16688,1,historical/curated,GeoNames (via world-cities/joelacus),Seleção histórica curada; países de grande relevância histórica têm mais de 5 cidades. Vaticano é exceção por ser uma cidade-Estado.
Kosovo,XK,Prizren,42.21389,20.73972,2,historical/curated,GeoNames (via world-cities/joelacus),Seleção histórica curada; países de grande relevância histórica têm mais de 5 cidades. Vaticano é exceção por ser uma cidade-Estado.
Kosovo,XK,Bradash,42.94028,21.13806,3,major-city fallback,GeoNames (via world-cities/joelacus),Seleção histórica curada; países de grande relevância histórica têm mais de 5 cidades. Vaticano é exceção por ser uma cidade-Estado.
Kosovo,XK,Budakovo,42.355,20.925,4,major-city fallback,GeoNames (via world-cities/joelacus),Seleção histórica curada; países de grande relevância histórica têm mais de 5 cidades. Vaticano é exceção por ser uma cidade-Estado.
Kosovo,XK,Cerrcë,42.77972,20.45306,5,major-city fallback,GeoNames (via world-cities/joelacus),Seleção histórica curada; países de grande relevância histórica têm mais de 5 cidades. Vaticano é exceção por ser uma cidade-Estado.
Kuwait,KW,Kuwait City,29.367,47.97429,1,historical/curated,GeoNames (via world-cities/joelacus),Seleção histórica curada; países de grande relevância histórica têm mais de 5 cidades. Vaticano é exceção por ser uma cidade-Estado.
Kuwait,KW,Al Jahrā’,29.3375,47.65806,2,historical/curated,GeoNames (via world-cities/joelacus),Seleção histórica curada; países de grande relevância histórica têm mais de 5 cidades. Vaticano é exceção por ser uma cidade-Estado.
Kuwait,KW,Abu Al Hasaniya,29.19076,48.11355,3,major-city fallback,GeoNames (via world-cities/joelacus),Seleção histórica curada; países de grande relevância histórica têm mais de 5 cidades. Vaticano é exceção por ser uma cidade-Estado.
Kuwait,KW,Abu Fatira,29.19746,48.10278,4,major-city fallback,GeoNames (via world-cities/joelacus),Seleção histórica curada; países de grande relevância histórica têm mais de 5 cidades. Vaticano é exceção por ser uma cidade-Estado.
Kuwait,KW,Ad Dasmah,29.365,48.00139,5,major-city fallback,GeoNames (via world-cities/joelacus),Seleção histórica curada; países de grande relevância histórica têm mais de 5 cidades. Vaticano é exceção por ser uma cidade-Estado.
Quirguistão,KG,Bishkek,42.87,74.59,1,historical/curated,GeoNames (via world-cities/joelacus),Seleção histórica curada; países de grande relevância histórica têm mais de 5 cidades. Vaticano é exceção por ser uma cidade-Estado.
Quirguistão,KG,Osh,40.52828,72.7985,2,historical/curated,GeoNames (via world-cities/joelacus),Seleção histórica curada; países de grande relevância histórica têm mais de 5 cidades. Vaticano é exceção por ser uma cidade-Estado.
Quirguistão,KG,Karakol,42.49047,78.39197,3,historical/curated,GeoNames (via world-cities/joelacus),Seleção histórica curada; países de grande relevância histórica têm mais de 5 cidades. Vaticano é exceção por ser uma cidade-Estado.
Quirguistão,KG,Ak-Bulung,42.76688,78.22616,4,major-city fallback,GeoNames (via world-cities/joelacus),Seleção histórica curada; países de grande relevância histórica têm mais de 5 cidades. Vaticano é exceção por ser uma cidade-Estado.
Quirguistão,KG,Ak-Dzhar,41.17417,75.7891,5,major-city fallback,GeoNames (via world-cities/joelacus),Seleção histórica curada; países de grande relevância histórica têm mais de 5 cidades. Vaticano é exceção por ser uma cidade-Estado.
Laos,LA,Vientiane,17.96667,102.6,1,historical/curated,GeoNames (via world-cities/joelacus),Seleção histórica curada; países de grande relevância histórica têm mais de 5 cidades. Vaticano é exceção por ser uma cidade-Estado.
Laos,LA,Luang Prabang,19.8933,102.1525,2,historical/curated,GeoNames (via world-cities/joelacus),Seleção histórica curada; países de grande relevância histórica têm mais de 5 cidades. Vaticano é exceção por ser uma cidade-Estado.
Laos,LA,Pakse,15.12022,105.79898,3,historical/curated,GeoNames (via world-cities/joelacus),Seleção histórica curada; países de grande relevância histórica têm mais de 5 cidades. Vaticano é exceção por ser uma cidade-Estado.
Laos,LA,Savannakhet,16.5703,104.7622,4,historical/curated,GeoNames (via world-cities/joelacus),Seleção histórica curada; países de grande relevância histórica têm mais de 5 cidades. Vaticano é exceção por ser uma cidade-Estado.
Laos,LA,Achiang (1),16.28333,106.91667,5,major-city fallback,GeoNames (via world-cities/joelacus),Seleção histórica curada; países de grande relevância histórica têm mais de 5 cidades. Vaticano é exceção por ser uma cidade-Estado.
Letônia,LV,Riga,56.946,24.10589,1,historical/curated,GeoNames (via world-cities/joelacus),Seleção histórica curada; países de grande relevância histórica têm mais de 5 cidades. Vaticano é exceção por ser uma cidade-Estado.
Letônia,LV,Daugavpils,55.88333,26.53333,2,historical/curated,GeoNames (via world-cities/joelacus),Seleção histórica curada; países de grande relevância histórica têm mais de 5 cidades. Vaticano é exceção por ser uma cidade-Estado.
Letônia,LV,Liepāja,56.50474,21.01085,3,historical/curated,GeoNames (via world-cities/joelacus),Seleção histórica curada; países de grande relevância histórica têm mais de 5 cidades. Vaticano é exceção por ser uma cidade-Estado.
Letônia,LV,Jelgava,56.65,23.71278,4,historical/curated,GeoNames (via world-cities/joelacus),Seleção histórica curada; países de grande relevância histórica têm mais de 5 cidades. Vaticano é exceção por ser uma cidade-Estado.
Letônia,LV,Cēsis,57.31188,25.27456,5,historical/curated,GeoNames (via world-cities/joelacus),Seleção histórica curada; países de grande relevância histórica têm mais de 5 cidades. Vaticano é exceção por ser uma cidade-Estado.
Líbano,LB,Beirut,33.89332,35.50157,1,historical/curated,GeoNames (via world-cities/joelacus),Seleção histórica curada; países de grande relevância histórica têm mais de 5 cidades. Vaticano é exceção por ser uma cidade-Estado.
Líbano,LB,Tripoli,34.43352,35.84415,2,historical/curated,GeoNames (via world-cities/joelacus),Seleção histórica curada; países de grande relevância histórica têm mais de 5 cidades. Vaticano é exceção por ser uma cidade-Estado.
Líbano,LB,Sidon,33.55751,35.37148,3,historical/curated,GeoNames (via world-cities/joelacus),Seleção histórica curada; países de grande relevância histórica têm mais de 5 cidades. Vaticano é exceção por ser uma cidade-Estado.
Líbano,LB,Tyre,33.27333,35.19389,4,historical/curated,GeoNames (via world-cities/joelacus),Seleção histórica curada; países de grande relevância histórica têm mais de 5 cidades. Vaticano é exceção por ser uma cidade-Estado.
Líbano,LB,Byblos,34.12111,35.64806,5,historical/curated,GeoNames (via world-cities/joelacus),Seleção histórica curada; países de grande relevância histórica têm mais de 5 cidades. Vaticano é exceção por ser uma cidade-Estado.
Lesoto,LS,Maseru,-29.31667,27.48333,1,historical/curated,GeoNames (via world-cities/joelacus),Seleção histórica curada; países de grande relevância histórica têm mais de 5 cidades. Vaticano é exceção por ser uma cidade-Estado.
Lesoto,LS,Mafeteng,-29.82299,27.23744,2,historical/curated,GeoNames (via world-cities/joelacus),Seleção histórica curada; países de grande relevância histórica têm mais de 5 cidades. Vaticano é exceção por ser uma cidade-Estado.
Lesoto,LS,Butha-Buthe,-28.76659,28.24937,3,major-city fallback,GeoNames (via world-cities/joelacus),Seleção histórica curada; países de grande relevância histórica têm mais de 5 cidades. Vaticano é exceção por ser uma cidade-Estado.
Lesoto,LS,Hlotse,-28.87185,28.04501,4,major-city fallback,GeoNames (via world-cities/joelacus),Seleção histórica curada; países de grande relevância histórica têm mais de 5 cidades. Vaticano é exceção por ser uma cidade-Estado.
Lesoto,LS,Katse,-29.33531,28.48002,5,major-city fallback,GeoNames (via world-cities/joelacus),Seleção histórica curada; países de grande relevância histórica têm mais de 5 cidades. Vaticano é exceção por ser uma cidade-Estado.
Libéria,LR,Monrovia,6.30054,-10.7969,1,historical/curated,GeoNames (via world-cities/joelacus),Seleção histórica curada; países de grande relevância histórica têm mais de 5 cidades. Vaticano é exceção por ser uma cidade-Estado.
Libéria,LR,Harper,4.3782,-7.71081,2,historical/curated,GeoNames (via world-cities/joelacus),Seleção histórica curada; países de grande relevância histórica têm mais de 5 cidades. Vaticano é exceção por ser uma cidade-Estado.
Libéria,LR,Buchanan,5.87693,-10.04964,3,historical/curated,GeoNames (via world-cities/joelacus),Seleção histórica curada; países de grande relevância histórica têm mais de 5 cidades. Vaticano é exceção por ser uma cidade-Estado.
Libéria,LR,Gbarnga,6.99543,-9.47122,4,historical/curated,GeoNames (via world-cities/joelacus),Seleção histórica curada; países de grande relevância histórica têm mais de 5 cidades. Vaticano é exceção por ser uma cidade-Estado.
Libéria,LR,Barclayville,4.67443,-8.23306,5,major-city fallback,GeoNames (via world-cities/joelacus),Seleção histórica curada; países de grande relevância histórica têm mais de 5 cidades. Vaticano é exceção por ser uma cidade-Estado.
Líbia,LY,Tripoli,32.88743,13.18733,1,historical/curated,GeoNames (via world-cities/joelacus),Seleção histórica curada; países de grande relevância histórica têm mais de 5 cidades. Vaticano é exceção por ser uma cidade-Estado.
Líbia,LY,Benghazi,32.11486,20.06859,2,historical/curated,GeoNames (via world-cities/joelacus),Seleção histórica curada; países de grande relevância histórica têm mais de 5 cidades. Vaticano é exceção por ser uma cidade-Estado.
Líbia,LY,Ghadames,30.13366,9.50072,3,historical/curated,GeoNames (via world-cities/joelacus),Seleção histórica curada; países de grande relevância histórica têm mais de 5 cidades. Vaticano é exceção por ser uma cidade-Estado.
Líbia,LY,Sabha,27.03766,14.42832,4,historical/curated,GeoNames (via world-cities/joelacus),Seleção histórica curada; países de grande relevância histórica têm mais de 5 cidades. Vaticano é exceção por ser uma cidade-Estado.
Líbia,LY,Abū Zayyān,32.09972,12.97861,5,major-city fallback,GeoNames (via world-cities/joelacus),Seleção histórica curada; países de grande relevância histórica têm mais de 5 cidades. Vaticano é exceção por ser uma cidade-Estado.
Liechtenstein,LI,Vaduz,47.14151,9.52154,1,historical/curated,GeoNames (via world-cities/joelacus),Seleção histórica curada; países de grande relevância histórica têm mais de 5 cidades. Vaticano é exceção por ser uma cidade-Estado.
Liechtenstein,LI,Balzers,47.06661,9.50355,2,historical/curated,GeoNames (via world-cities/joelacus),Seleção histórica curada; países de grande relevância histórica têm mais de 5 cidades. Vaticano é exceção por ser uma cidade-Estado.
Liechtenstein,LI,Schaan,47.16498,9.50867,3,historical/curated,GeoNames (via world-cities/joelacus),Seleção histórica curada; países de grande relevância histórica têm mais de 5 cidades. Vaticano é exceção por ser uma cidade-Estado.
Liechtenstein,LI,Triesen,47.10752,9.52815,4,historical/curated,GeoNames (via world-cities/joelacus),Seleção histórica curada; países de grande relevância histórica têm mais de 5 cidades. Vaticano é exceção por ser uma cidade-Estado.
Liechtenstein,LI,Bendern,47.21199,9.50678,5,major-city fallback,GeoNames (via world-cities/joelacus),Seleção histórica curada; países de grande relevância histórica têm mais de 5 cidades. Vaticano é exceção por ser uma cidade-Estado.
Lituânia,LT,Vilnius,54.68916,25.2798,1,historical/curated,GeoNames (via world-cities/joelacus),Seleção histórica curada; países de grande relevância histórica têm mais de 5 cidades. Vaticano é exceção por ser uma cidade-Estado.
Lituânia,LT,Kaunas,54.90156,23.90909,2,historical/curated,GeoNames (via world-cities/joelacus),Seleção histórica curada; países de grande relevância histórica têm mais de 5 cidades. Vaticano é exceção por ser uma cidade-Estado.
Lituânia,LT,Klaipėda,55.7068,21.13912,3,historical/curated,GeoNames (via world-cities/joelacus),Seleção histórica curada; países de grande relevância histórica têm mais de 5 cidades. Vaticano é exceção por ser uma cidade-Estado.
Lituânia,LT,Trakai,54.63783,24.93433,4,historical/curated,GeoNames (via world-cities/joelacus),Seleção histórica curada; países de grande relevância histórica têm mais de 5 cidades. Vaticano é exceção por ser uma cidade-Estado.
Lituânia,LT,Šiauliai,55.93333,23.31667,5,historical/curated,GeoNames (via world-cities/joelacus),Seleção histórica curada; países de grande relevância histórica têm mais de 5 cidades. Vaticano é exceção por ser uma cidade-Estado.
Luxemburgo,LU,Luxembourg,49.60982,6.13268,1,historical/curated,GeoNames (via world-cities/joelacus),Seleção histórica curada; países de grande relevância histórica têm mais de 5 cidades. Vaticano é exceção por ser uma cidade-Estado.
Luxemburgo,LU,Echternach,49.81212,6.41846,2,historical/curated,GeoNames (via world-cities/joelacus),Seleção histórica curada; países de grande relevância histórica têm mais de 5 cidades. Vaticano é exceção por ser uma cidade-Estado.
Luxemburgo,LU,Vianden,49.935,6.20889,3,historical/curated,GeoNames (via world-cities/joelacus),Seleção histórica curada; países de grande relevância histórica têm mais de 5 cidades. Vaticano é exceção por ser uma cidade-Estado.
Luxemburgo,LU,Clervaux,50.05472,6.03139,4,historical/curated,GeoNames (via world-cities/joelacus),Seleção histórica curada; países de grande relevância histórica têm mais de 5 cidades. Vaticano é exceção por ser uma cidade-Estado.
Luxemburgo,LU,Alzingen,49.565,6.16361,5,major-city fallback,GeoNames (via world-cities/joelacus),Seleção histórica curada; países de grande relevância histórica têm mais de 5 cidades. Vaticano é exceção por ser uma cidade-Estado.
Madagascar,MG,Antananarivo,-18.91368,47.53613,1,historical/curated,GeoNames (via world-cities/joelacus),Seleção histórica curada; países de grande relevância histórica têm mais de 5 cidades. Vaticano é exceção por ser uma cidade-Estado.
Madagascar,MG,Toamasina,-18.1492,49.40234,2,historical/curated,GeoNames (via world-cities/joelacus),Seleção histórica curada; países de grande relevância histórica têm mais de 5 cidades. Vaticano é exceção por ser uma cidade-Estado.
Madagascar,MG,Mahajanga,-15.71667,46.31667,3,historical/curated,GeoNames (via world-cities/joelacus),Seleção histórica curada; países de grande relevância histórica têm mais de 5 cidades. Vaticano é exceção por ser uma cidade-Estado.
Madagascar,MG,Fianarantsoa,-21.45267,47.08569,4,historical/curated,GeoNames (via world-cities/joelacus),Seleção histórica curada; países de grande relevância histórica têm mais de 5 cidades. Vaticano é exceção por ser uma cidade-Estado.
Madagascar,MG,Toliara,-23.35,43.66667,5,historical/curated,GeoNames (via world-cities/joelacus),Seleção histórica curada; países de grande relevância histórica têm mais de 5 cidades. Vaticano é exceção por ser uma cidade-Estado.
Malaui,MW,Lilongwe,-13.96692,33.78725,1,historical/curated,GeoNames (via world-cities/joelacus),Seleção histórica curada; países de grande relevância histórica têm mais de 5 cidades. Vaticano é exceção por ser uma cidade-Estado.
Malaui,MW,Blantyre,-15.78499,35.00854,2,historical/curated,GeoNames (via world-cities/joelacus),Seleção histórica curada; países de grande relevância histórica têm mais de 5 cidades. Vaticano é exceção por ser uma cidade-Estado.
Malaui,MW,Mzuzu,-11.46556,34.02071,3,historical/curated,GeoNames (via world-cities/joelacus),Seleção histórica curada; países de grande relevância histórica têm mais de 5 cidades. Vaticano é exceção por ser uma cidade-Estado.
Malaui,MW,Zomba,-15.38596,35.3188,4,historical/curated,GeoNames (via world-cities/joelacus),Seleção histórica curada; países de grande relevância histórica têm mais de 5 cidades. Vaticano é exceção por ser uma cidade-Estado.
Malaui,MW,Balaka,-14.97928,34.95575,5,major-city fallback,GeoNames (via world-cities/joelacus),Seleção histórica curada; países de grande relevância histórica têm mais de 5 cidades. Vaticano é exceção por ser uma cidade-Estado.
Malásia,MY,Kuala Lumpur,3.1412,101.68653,1,historical/curated,GeoNames (via world-cities/joelacus),Seleção histórica curada; países de grande relevância histórica têm mais de 5 cidades. Vaticano é exceção por ser uma cidade-Estado.
Malásia,MY,Malacca,2.196,102.2405,2,historical/curated,GeoNames (via world-cities/joelacus),Seleção histórica curada; países de grande relevância histórica têm mais de 5 cidades. Vaticano é exceção por ser uma cidade-Estado.
Malásia,MY,George Town,5.41123,100.33543,3,historical/curated,GeoNames (via world-cities/joelacus),Seleção histórica curada; países de grande relevância histórica têm mais de 5 cidades. Vaticano é exceção por ser uma cidade-Estado.
Malásia,MY,Ipoh,4.5841,101.0829,4,historical/curated,GeoNames (via world-cities/joelacus),Seleção histórica curada; países de grande relevância histórica têm mais de 5 cidades. Vaticano é exceção por ser uma cidade-Estado.
Malásia,MY,Johor Bahru,1.4655,103.7578,5,historical/curated,GeoNames (via world-cities/joelacus),Seleção histórica curada; países de grande relevância histórica têm mais de 5 cidades. Vaticano é exceção por ser uma cidade-Estado.
Maldivas,MV,Male,4.17521,73.50916,1,historical/curated,GeoNames (via world-cities/joelacus),Seleção histórica curada; países de grande relevância histórica têm mais de 5 cidades. Vaticano é exceção por ser uma cidade-Estado.
Maldivas,MV,Fuvahmulah,-0.29878,73.42403,2,historical/curated,GeoNames (via world-cities/joelacus),Seleção histórica curada; países de grande relevância histórica têm mais de 5 cidades. Vaticano é exceção por ser uma cidade-Estado.
Maldivas,MV,Hithadhoo,-0.6,73.08333,3,historical/curated,GeoNames (via world-cities/joelacus),Seleção histórica curada; países de grande relevância histórica têm mais de 5 cidades. Vaticano é exceção por ser uma cidade-Estado.
Maldivas,MV,Dhihdhoo,6.88744,73.11402,4,major-city fallback,GeoNames (via world-cities/joelacus),Seleção histórica curada; países de grande relevância histórica têm mais de 5 cidades. Vaticano é exceção por ser uma cidade-Estado.
Maldivas,MV,Eydhafushi,5.10327,73.07078,5,major-city fallback,GeoNames (via world-cities/joelacus),Seleção histórica curada; países de grande relevância histórica têm mais de 5 cidades. Vaticano é exceção por ser uma cidade-Estado.
Mali,ML,Bamako,12.60915,-7.97522,1,historical/curated,GeoNames (via world-cities/joelacus),Seleção histórica curada; países de grande relevância histórica têm mais de 5 cidades. Vaticano é exceção por ser uma cidade-Estado.
Mali,ML,Timbuktu,16.77348,-3.00742,2,historical/curated,GeoNames (via world-cities/joelacus),Seleção histórica curada; países de grande relevância histórica têm mais de 5 cidades. Vaticano é exceção por ser uma cidade-Estado.
Mali,ML,Djenné,13.90608,-4.55332,3,historical/curated,GeoNames (via world-cities/joelacus),Seleção histórica curada; países de grande relevância histórica têm mais de 5 cidades. Vaticano é exceção por ser uma cidade-Estado.
Mali,ML,Gao,16.27167,-0.04472,4,historical/curated,GeoNames (via world-cities/joelacus),Seleção histórica curada; países de grande relevância histórica têm mais de 5 cidades. Vaticano é exceção por ser uma cidade-Estado.
Mali,ML,Ségou,13.44032,-6.25947,5,historical/curated,GeoNames (via world-cities/joelacus),Seleção histórica curada; países de grande relevância histórica têm mais de 5 cidades. Vaticano é exceção por ser uma cidade-Estado.
Malta,MT,Valletta,35.89968,14.5148,1,historical/curated,GeoNames (via world-cities/joelacus),Seleção histórica curada; países de grande relevância histórica têm mais de 5 cidades. Vaticano é exceção por ser uma cidade-Estado.
Malta,MT,Mosta,35.90942,14.42566,2,historical/curated,GeoNames (via world-cities/joelacus),Seleção histórica curada; países de grande relevância histórica têm mais de 5 cidades. Vaticano é exceção por ser uma cidade-Estado.
Malta,MT,Rabat,35.88152,14.39872,3,historical/curated,GeoNames (via world-cities/joelacus),Seleção histórica curada; países de grande relevância histórica têm mais de 5 cidades. Vaticano é exceção por ser uma cidade-Estado.
Malta,MT,Attard,35.88967,14.4425,4,major-city fallback,GeoNames (via world-cities/joelacus),Seleção histórica curada; países de grande relevância histórica têm mais de 5 cidades. Vaticano é exceção por ser uma cidade-Estado.
Malta,MT,Balzan,35.90215,14.45213,5,major-city fallback,GeoNames (via world-cities/joelacus),Seleção histórica curada; países de grande relevância histórica têm mais de 5 cidades. Vaticano é exceção por ser uma cidade-Estado.
Ilhas Marshall,MH,Majuro,7.08971,171.38027,1,historical/curated,GeoNames (via world-cities/joelacus),Seleção histórica curada; países de grande relevância histórica têm mais de 5 cidades. Vaticano é exceção por ser uma cidade-Estado.
Ilhas Marshall,MH,Laura,7.14654,171.03704,2,historical/curated,GeoNames (via world-cities/joelacus),Seleção histórica curada; países de grande relevância histórica têm mais de 5 cidades. Vaticano é exceção por ser uma cidade-Estado.
Ilhas Marshall,MH,Wotje,9.45429,170.23674,3,historical/curated,GeoNames (via world-cities/joelacus),Seleção histórica curada; países de grande relevância histórica têm mais de 5 cidades. Vaticano é exceção por ser uma cidade-Estado.
Ilhas Marshall,MH,Ailuk,10.21972,169.97967,4,major-city fallback,GeoNames (via world-cities/joelacus),Seleção histórica curada; países de grande relevância histórica têm mais de 5 cidades. Vaticano é exceção por ser uma cidade-Estado.
Ilhas Marshall,MH,Airuk,7.27717,168.8203,5,major-city fallback,GeoNames (via world-cities/joelacus),Seleção histórica curada; países de grande relevância histórica têm mais de 5 cidades. Vaticano é exceção por ser uma cidade-Estado.
Mauritânia,MR,Nouakchott,18.08581,-15.9785,1,historical/curated,GeoNames (via world-cities/joelacus),Seleção histórica curada; países de grande relevância histórica têm mais de 5 cidades. Vaticano é exceção por ser uma cidade-Estado.
Mauritânia,MR,Chingueṭṭi,20.463,-12.362,2,historical/curated,GeoNames (via world-cities/joelacus),Seleção histórica curada; países de grande relevância histórica têm mais de 5 cidades. Vaticano é exceção por ser uma cidade-Estado.
Mauritânia,MR,Ouadane,20.92767,-11.62138,3,historical/curated,GeoNames (via world-cities/joelacus),Seleção histórica curada; países de grande relevância histórica têm mais de 5 cidades. Vaticano é exceção por ser uma cidade-Estado.
Mauritânia,MR,Oualata,17.29784,-7.02346,4,historical/curated,GeoNames (via world-cities/joelacus),Seleção histórica curada; países de grande relevância histórica têm mais de 5 cidades. Vaticano é exceção por ser uma cidade-Estado.
Mauritânia,MR,Atar,20.51875,-13.04637,5,historical/curated,GeoNames (via world-cities/joelacus),Seleção histórica curada; países de grande relevância histórica têm mais de 5 cidades. Vaticano é exceção por ser uma cidade-Estado.
Maurício,MU,Port Louis,-20.16194,57.49889,1,historical/curated,GeoNames (via world-cities/joelacus),Seleção histórica curada; países de grande relevância histórica têm mais de 5 cidades. Vaticano é exceção por ser uma cidade-Estado.
Maurício,MU,Mahébourg,-20.40806,57.7,2,historical/curated,GeoNames (via world-cities/joelacus),Seleção histórica curada; países de grande relevância histórica têm mais de 5 cidades. Vaticano é exceção por ser uma cidade-Estado.
Maurício,MU,Grand Baie,-20.01816,57.58015,3,historical/curated,GeoNames (via world-cities/joelacus),Seleção histórica curada; países de grande relevância histórica têm mais de 5 cidades. Vaticano é exceção por ser uma cidade-Estado.
Maurício,MU,Albion,-20.20814,57.40766,4,major-city fallback,GeoNames (via world-cities/joelacus),Seleção histórica curada; países de grande relevância histórica têm mais de 5 cidades. Vaticano é exceção por ser uma cidade-Estado.
Maurício,MU,Amaury,-20.13083,57.65917,5,major-city fallback,GeoNames (via world-cities/joelacus),Seleção histórica curada; países de grande relevância histórica têm mais de 5 cidades. Vaticano é exceção por ser uma cidade-Estado.
México,MX,Mexico City,19.42847,-99.12766,1,historical/curated,GeoNames (via world-cities/joelacus),Seleção histórica curada; países de grande relevância histórica têm mais de 5 cidades. Vaticano é exceção por ser uma cidade-Estado.
México,MX,Teotihuacán,19.68862,-98.8611,2,historical/curated,GeoNames (via world-cities/joelacus),Seleção histórica curada; países de grande relevância histórica têm mais de 5 cidades. Vaticano é exceção por ser uma cidade-Estado.
México,MX,Oaxaca,17.06025,-96.72544,3,historical/curated,GeoNames (via world-cities/joelacus),Seleção histórica curada; países de grande relevância histórica têm mais de 5 cidades. Vaticano é exceção por ser uma cidade-Estado.
México,MX,Puebla,16.91583,-92.50389,4,historical/curated,GeoNames (via world-cities/joelacus),Seleção histórica curada; países de grande relevância histórica têm mais de 5 cidades. Vaticano é exceção por ser uma cidade-Estado.
México,MX,Veracruz,16.40417,-91.99944,5,historical/curated,GeoNames (via world-cities/joelacus),Seleção histórica curada; países de grande relevância histórica têm mais de 5 cidades. Vaticano é exceção por ser uma cidade-Estado.
México,MX,Mérida,16.5675,-93.81722,6,historical/curated,GeoNames (via world-cities/joelacus),Seleção histórica curada; países de grande relevância histórica têm mais de 5 cidades. Vaticano é exceção por ser uma cidade-Estado.
México,MX,Tenochtitlán,19.80917,-96.91611,7,historical/curated,GeoNames (via world-cities/joelacus),Seleção histórica curada; países de grande relevância histórica têm mais de 5 cidades. Vaticano é exceção por ser uma cidade-Estado.
Micronésia,FM,Palikir,6.92477,158.16109,1,historical/curated,GeoNames (via world-cities/joelacus),Seleção histórica curada; países de grande relevância histórica têm mais de 5 cidades. Vaticano é exceção por ser uma cidade-Estado.
Micronésia,FM,Kolonia,6.964,158.2062,2,historical/curated,GeoNames (via world-cities/joelacus),Seleção histórica curada; países de grande relevância histórica têm mais de 5 cidades. Vaticano é exceção por ser uma cidade-Estado.
Micronésia,FM,Weno,7.44648,151.84135,3,historical/curated,GeoNames (via world-cities/joelacus),Seleção histórica curada; países de grande relevância histórica têm mais de 5 cidades. Vaticano é exceção por ser uma cidade-Estado.
Micronésia,FM,Colonia,9.51638,138.12167,4,major-city fallback,GeoNames (via world-cities/joelacus),Seleção histórica curada; países de grande relevância histórica têm mais de 5 cidades. Vaticano é exceção por ser uma cidade-Estado.
Micronésia,FM,Eauripik,6.687,143.0375,5,major-city fallback,GeoNames (via world-cities/joelacus),Seleção histórica curada; países de grande relevância histórica têm mais de 5 cidades. Vaticano é exceção por ser uma cidade-Estado.
Moldávia,MD,Chisinau,47.00902,28.85938,1,historical/curated,GeoNames (via world-cities/joelacus),Seleção histórica curada; países de grande relevância histórica têm mais de 5 cidades. Vaticano é exceção por ser uma cidade-Estado.
Moldávia,MD,Orhei,47.38503,28.82535,2,historical/curated,GeoNames (via world-cities/joelacus),Seleção histórica curada; países de grande relevância histórica têm mais de 5 cidades. Vaticano é exceção por ser uma cidade-Estado.
Moldávia,MD,Soroca,48.15659,28.28489,3,historical/curated,GeoNames (via world-cities/joelacus),Seleção histórica curada; países de grande relevância histórica têm mais de 5 cidades. Vaticano é exceção por ser uma cidade-Estado.
Moldávia,MD,Cahul,45.90456,28.19516,4,historical/curated,GeoNames (via world-cities/joelacus),Seleção histórica curada; países de grande relevância histórica têm mais de 5 cidades. Vaticano é exceção por ser uma cidade-Estado.
Moldávia,MD,Anenii Noi,46.87795,29.23503,5,major-city fallback,GeoNames (via world-cities/joelacus),Seleção histórica curada; países de grande relevância histórica têm mais de 5 cidades. Vaticano é exceção por ser uma cidade-Estado.
Mônaco,MC,Monaco,43.73718,7.42145,1,historical/curated,GeoNames (via world-cities/joelacus),Seleção histórica curada; países de grande relevância histórica têm mais de 5 cidades. Vaticano é exceção por ser uma cidade-Estado.
Mônaco,MC,Fontvieille,43.72687,7.41766,2,major-city fallback,GeoNames (via world-cities/joelacus),Seleção histórica curada; países de grande relevância histórica têm mais de 5 cidades. Vaticano é exceção por ser uma cidade-Estado.
Mônaco,MC,Jardin Exotique,43.73049,7.41399,3,major-city fallback,GeoNames (via world-cities/joelacus),Seleção histórica curada; países de grande relevância histórica têm mais de 5 cidades. Vaticano é exceção por ser uma cidade-Estado.
Mônaco,MC,La Condamine,43.73439,7.42024,4,major-city fallback,GeoNames (via world-cities/joelacus),Seleção histórica curada; países de grande relevância histórica têm mais de 5 cidades. Vaticano é exceção por ser uma cidade-Estado.
Mônaco,MC,La Rousse,43.74754,7.43141,5,major-city fallback,GeoNames (via world-cities/joelacus),Seleção histórica curada; países de grande relevância histórica têm mais de 5 cidades. Vaticano é exceção por ser uma cidade-Estado.
Mongólia,MN,Ulan Bator,47.90771,106.88324,1,capital,GeoNames (via world-cities/joelacus),Seleção histórica curada; países de grande relevância histórica têm mais de 5 cidades. Vaticano é exceção por ser uma cidade-Estado.
Mongólia,MN,Erdenet,48.94877,99.53665,2,historical/curated,GeoNames (via world-cities/joelacus),Seleção histórica curada; países de grande relevância histórica têm mais de 5 cidades. Vaticano é exceção por ser uma cidade-Estado.
Mongólia,MN,Aldar,47.64226,96.53687,3,major-city fallback,GeoNames (via world-cities/joelacus),Seleção histórica curada; países de grande relevância histórica têm mais de 5 cidades. Vaticano é exceção por ser uma cidade-Estado.
Mongólia,MN,Altai,46.37222,96.25833,4,major-city fallback,GeoNames (via world-cities/joelacus),Seleção histórica curada; países de grande relevância histórica têm mais de 5 cidades. Vaticano é exceção por ser uma cidade-Estado.
Mongólia,MN,Altan,48.11667,95.71667,5,major-city fallback,GeoNames (via world-cities/joelacus),Seleção histórica curada; países de grande relevância histórica têm mais de 5 cidades. Vaticano é exceção por ser uma cidade-Estado.
Montenegro,ME,Podgorica,42.44124,19.26309,1,historical/curated,GeoNames (via world-cities/joelacus),Seleção histórica curada; países de grande relevância histórica têm mais de 5 cidades. Vaticano é exceção por ser uma cidade-Estado.
Montenegro,ME,Kotor,42.42067,18.76825,2,historical/curated,GeoNames (via world-cities/joelacus),Seleção histórica curada; países de grande relevância histórica têm mais de 5 cidades. Vaticano é exceção por ser uma cidade-Estado.
Montenegro,ME,Budva,42.28721,18.83922,3,historical/curated,GeoNames (via world-cities/joelacus),Seleção histórica curada; países de grande relevância histórica têm mais de 5 cidades. Vaticano é exceção por ser uma cidade-Estado.
Montenegro,ME,Cetinje,42.39063,18.91417,4,historical/curated,GeoNames (via world-cities/joelacus),Seleção histórica curada; países de grande relevância histórica têm mais de 5 cidades. Vaticano é exceção por ser uma cidade-Estado.
Montenegro,ME,Bar,42.0937,19.09841,5,historical/curated,GeoNames (via world-cities/joelacus),Seleção histórica curada; países de grande relevância histórica têm mais de 5 cidades. Vaticano é exceção por ser uma cidade-Estado.
Marrocos,MA,Rabat,34.01325,-6.83255,1,historical/curated,GeoNames (via world-cities/joelacus),Seleção histórica curada; países de grande relevância histórica têm mais de 5 cidades. Vaticano é exceção por ser uma cidade-Estado.
Marrocos,MA,Marrakesh,31.63416,-7.99994,2,historical/curated,GeoNames (via world-cities/joelacus),Seleção histórica curada; países de grande relevância histórica têm mais de 5 cidades. Vaticano é exceção por ser uma cidade-Estado.
Marrocos,MA,Casablanca,33.58831,-7.61138,3,historical/curated,GeoNames (via world-cities/joelacus),Seleção histórica curada; países de grande relevância histórica têm mais de 5 cidades. Vaticano é exceção por ser uma cidade-Estado.
Marrocos,MA,Meknes,33.89352,-5.54727,4,historical/curated,GeoNames (via world-cities/joelacus),Seleção histórica curada; países de grande relevância histórica têm mais de 5 cidades. Vaticano é exceção por ser uma cidade-Estado.
Marrocos,MA,Tangier,35.76727,-5.79975,5,historical/curated,GeoNames (via world-cities/joelacus),Seleção histórica curada; países de grande relevância histórica têm mais de 5 cidades. Vaticano é exceção por ser uma cidade-Estado.
Moçambique,MZ,Maputo,-25.96553,32.58322,1,historical/curated,GeoNames (via world-cities/joelacus),Seleção histórica curada; países de grande relevância histórica têm mais de 5 cidades. Vaticano é exceção por ser uma cidade-Estado.
Moçambique,MZ,Beira,-19.84361,34.83889,2,historical/curated,GeoNames (via world-cities/joelacus),Seleção histórica curada; países de grande relevância histórica têm mais de 5 cidades. Vaticano é exceção por ser uma cidade-Estado.
Moçambique,MZ,Nampula,-15.11646,39.2666,3,historical/curated,GeoNames (via world-cities/joelacus),Seleção histórica curada; países de grande relevância histórica têm mais de 5 cidades. Vaticano é exceção por ser uma cidade-Estado.
Moçambique,MZ,Quelimane,-17.87861,36.88833,4,historical/curated,GeoNames (via world-cities/joelacus),Seleção histórica curada; países de grande relevância histórica têm mais de 5 cidades. Vaticano é exceção por ser uma cidade-Estado.
Moçambique,MZ,Alto Molocue,-15.63556,37.68833,5,major-city fallback,GeoNames (via world-cities/joelacus),Seleção histórica curada; países de grande relevância histórica têm mais de 5 cidades. Vaticano é exceção por ser uma cidade-Estado.
Mianmar (Birmânia),MM,Yangon,16.80528,96.15611,1,historical/curated,GeoNames (via world-cities/joelacus),Seleção histórica curada; países de grande relevância histórica têm mais de 5 cidades. Vaticano é exceção por ser uma cidade-Estado.
Mianmar (Birmânia),MM,Mandalay,21.97473,96.08359,2,historical/curated,GeoNames (via world-cities/joelacus),Seleção histórica curada; países de grande relevância histórica têm mais de 5 cidades. Vaticano é exceção por ser uma cidade-Estado.
Mianmar (Birmânia),MM,Mrauk U,20.59,93.19062,3,historical/curated,GeoNames (via world-cities/joelacus),Seleção histórica curada; países de grande relevância histórica têm mais de 5 cidades. Vaticano é exceção por ser uma cidade-Estado.
Mianmar (Birmânia),MM,Mawlamyine,16.49051,97.62825,4,historical/curated,GeoNames (via world-cities/joelacus),Seleção histórica curada; países de grande relevância histórica têm mais de 5 cidades. Vaticano é exceção por ser uma cidade-Estado.
Mianmar (Birmânia),MM,A Dun,16.71155,95.85189,5,major-city fallback,GeoNames (via world-cities/joelacus),Seleção histórica curada; países de grande relevância histórica têm mais de 5 cidades. Vaticano é exceção por ser uma cidade-Estado.
Nauru,NR,Yaren,-0.55085,166.9252,1,historical/curated,GeoNames (via world-cities/joelacus),Seleção histórica curada; países de grande relevância histórica têm mais de 5 cidades. Vaticano é exceção por ser uma cidade-Estado.
Nauru,NR,Anabar,-0.50845,166.95326,2,historical/curated,GeoNames (via world-cities/joelacus),Seleção histórica curada; países de grande relevância histórica têm mais de 5 cidades. Vaticano é exceção por ser uma cidade-Estado.
Nauru,NR,Anibare,-0.52792,166.95249,3,major-city fallback,GeoNames (via world-cities/joelacus),Seleção histórica curada; países de grande relevância histórica têm mais de 5 cidades. Vaticano é exceção por ser uma cidade-Estado.
Nauru,NR,Arijejen,-0.52545,166.91247,4,major-city fallback,GeoNames (via world-cities/joelacus),Seleção histórica curada; países de grande relevância histórica têm mais de 5 cidades. Vaticano é exceção por ser uma cidade-Estado.
Nauru,NR,Baiti,-0.50803,166.92945,5,major-city fallback,GeoNames (via world-cities/joelacus),Seleção histórica curada; países de grande relevância histórica têm mais de 5 cidades. Vaticano é exceção por ser uma cidade-Estado.
Nepal,NP,Kathmandu,27.70169,85.3206,1,historical/curated,GeoNames (via world-cities/joelacus),Seleção histórica curada; países de grande relevância histórica têm mais de 5 cidades. Vaticano é exceção por ser uma cidade-Estado.
Nepal,NP,Bhaktapur,27.67298,85.43005,2,historical/curated,GeoNames (via world-cities/joelacus),Seleção histórica curada; países de grande relevância histórica têm mais de 5 cidades. Vaticano é exceção por ser uma cidade-Estado.
Nepal,NP,Pokhara,28.26689,83.96851,3,historical/curated,GeoNames (via world-cities/joelacus),Seleção histórica curada; países de grande relevância histórica têm mais de 5 cidades. Vaticano é exceção por ser uma cidade-Estado.
Nepal,NP,Janakpur,26.72882,85.92628,4,historical/curated,GeoNames (via world-cities/joelacus),Seleção histórica curada; países de grande relevância histórica têm mais de 5 cidades. Vaticano é exceção por ser uma cidade-Estado.
Nepal,NP,Achhām,29.05,81.3,5,major-city fallback,GeoNames (via world-cities/joelacus),Seleção histórica curada; países de grande relevância histórica têm mais de 5 cidades. Vaticano é exceção por ser uma cidade-Estado.
Países Baixos,NL,Amsterdam,52.37403,4.88969,1,historical/curated,GeoNames (via world-cities/joelacus),Seleção histórica curada; países de grande relevância histórica têm mais de 5 cidades. Vaticano é exceção por ser uma cidade-Estado.
Países Baixos,NL,Rotterdam,51.9225,4.47917,2,historical/curated,GeoNames (via world-cities/joelacus),Seleção histórica curada; países de grande relevância histórica têm mais de 5 cidades. Vaticano é exceção por ser uma cidade-Estado.
Países Baixos,NL,Utrecht,52.09083,5.12222,3,historical/curated,GeoNames (via world-cities/joelacus),Seleção histórica curada; países de grande relevância histórica têm mais de 5 cidades. Vaticano é exceção por ser uma cidade-Estado.
Países Baixos,NL,Leiden,52.15833,4.49306,4,historical/curated,GeoNames (via world-cities/joelacus),Seleção histórica curada; países de grande relevância histórica têm mais de 5 cidades. Vaticano é exceção por ser uma cidade-Estado.
Países Baixos,NL,Delft,52.00667,4.35556,5,historical/curated,GeoNames (via world-cities/joelacus),Seleção histórica curada; países de grande relevância histórica têm mais de 5 cidades. Vaticano é exceção por ser uma cidade-Estado.
Países Baixos,NL,The Hague,52.07667,4.29861,6,historical/curated,GeoNames (via world-cities/joelacus),Seleção histórica curada; países de grande relevância histórica têm mais de 5 cidades. Vaticano é exceção por ser uma cidade-Estado.
Países Baixos,NL,Maastricht,50.84833,5.68889,7,historical/curated,GeoNames (via world-cities/joelacus),Seleção histórica curada; países de grande relevância histórica têm mais de 5 cidades. Vaticano é exceção por ser uma cidade-Estado.
Nova Zelândia,NZ,Auckland,-36.84853,174.76349,1,historical/curated,GeoNames (via world-cities/joelacus),Seleção histórica curada; países de grande relevância histórica têm mais de 5 cidades. Vaticano é exceção por ser uma cidade-Estado.
Nova Zelândia,NZ,Wellington,-41.28664,174.77557,2,historical/curated,GeoNames (via world-cities/joelacus),Seleção histórica curada; países de grande relevância histórica têm mais de 5 cidades. Vaticano é exceção por ser uma cidade-Estado.
Nova Zelândia,NZ,Christchurch,-43.53333,172.63333,3,historical/curated,GeoNames (via world-cities/joelacus),Seleção histórica curada; países de grande relevância histórica têm mais de 5 cidades. Vaticano é exceção por ser uma cidade-Estado.
Nova Zelândia,NZ,Dunedin,-45.87416,170.50361,4,historical/curated,GeoNames (via world-cities/joelacus),Seleção histórica curada; países de grande relevância histórica têm mais de 5 cidades. Vaticano é exceção por ser uma cidade-Estado.
Nova Zelândia,NZ,Napier,-39.4926,176.91233,5,historical/curated,GeoNames (via world-cities/joelacus),Seleção histórica curada; países de grande relevância histórica têm mais de 5 cidades. Vaticano é exceção por ser uma cidade-Estado.
Nicarágua,NI,Managua,12.13282,-86.2504,1,historical/curated,GeoNames (via world-cities/joelacus),Seleção histórica curada; países de grande relevância histórica têm mais de 5 cidades. Vaticano é exceção por ser uma cidade-Estado.
Nicarágua,NI,León,12.43527,-86.87862,2,historical/curated,GeoNames (via world-cities/joelacus),Seleção histórica curada; países de grande relevância histórica têm mais de 5 cidades. Vaticano é exceção por ser uma cidade-Estado.
Nicarágua,NI,Granada,11.93062,-85.95368,3,historical/curated,GeoNames (via world-cities/joelacus),Seleção histórica curada; países de grande relevância histórica têm mais de 5 cidades. Vaticano é exceção por ser uma cidade-Estado.
Nicarágua,NI,Masaya,11.97316,-86.09587,4,historical/curated,GeoNames (via world-cities/joelacus),Seleção histórica curada; países de grande relevância histórica têm mais de 5 cidades. Vaticano é exceção por ser uma cidade-Estado.
Nicarágua,NI,Rivas,11.43977,-85.82749,5,historical/curated,GeoNames (via world-cities/joelacus),Seleção histórica curada; países de grande relevância histórica têm mais de 5 cidades. Vaticano é exceção por ser uma cidade-Estado.
Níger,NE,Niamey,13.51366,2.1098,1,historical/curated,GeoNames (via world-cities/joelacus),Seleção histórica curada; países de grande relevância histórica têm mais de 5 cidades. Vaticano é exceção por ser uma cidade-Estado.
Níger,NE,Agadez,16.97333,7.99111,2,historical/curated,GeoNames (via world-cities/joelacus),Seleção histórica curada; países de grande relevância histórica têm mais de 5 cidades. Vaticano é exceção por ser uma cidade-Estado.
Níger,NE,Zinder,13.80716,8.9881,3,historical/curated,GeoNames (via world-cities/joelacus),Seleção histórica curada; países de grande relevância histórica têm mais de 5 cidades. Vaticano é exceção por ser uma cidade-Estado.
Níger,NE,Maradi,13.5,7.10174,4,historical/curated,GeoNames (via world-cities/joelacus),Seleção histórica curada; países de grande relevância histórica têm mais de 5 cidades. Vaticano é exceção por ser uma cidade-Estado.
Níger,NE,Birni N Konni,13.79599,5.25026,5,historical/curated,GeoNames (via world-cities/joelacus),Seleção histórica curada; países de grande relevância histórica têm mais de 5 cidades. Vaticano é exceção por ser uma cidade-Estado.
Nigéria,NG,Abuja,9.05785,7.49508,1,capital,GeoNames (via world-cities/joelacus),Seleção histórica curada; países de grande relevância histórica têm mais de 5 cidades. Vaticano é exceção por ser uma cidade-Estado.
Nigéria,NG,Lagos,6.45407,3.39467,2,historical/curated,GeoNames (via world-cities/joelacus),Seleção histórica curada; países de grande relevância histórica têm mais de 5 cidades. Vaticano é exceção por ser uma cidade-Estado.
Nigéria,NG,Kano,12.00012,8.51672,3,historical/curated,GeoNames (via world-cities/joelacus),Seleção histórica curada; países de grande relevância histórica têm mais de 5 cidades. Vaticano é exceção por ser uma cidade-Estado.
Nigéria,NG,Ibadan,7.37756,3.90591,4,historical/curated,GeoNames (via world-cities/joelacus),Seleção histórica curada; países de grande relevância histórica têm mais de 5 cidades. Vaticano é exceção por ser uma cidade-Estado.
Nigéria,NG,Benin City,6.33815,5.62575,5,historical/curated,GeoNames (via world-cities/joelacus),Seleção histórica curada; países de grande relevância histórica têm mais de 5 cidades. Vaticano é exceção por ser uma cidade-Estado.
Macedônia do Norte,MK,Skopje,41.99646,21.43141,1,historical/curated,GeoNames (via world-cities/joelacus),Seleção histórica curada; países de grande relevância histórica têm mais de 5 cidades. Vaticano é exceção por ser uma cidade-Estado.
Macedônia do Norte,MK,Ohrid,41.11701,20.80175,2,historical/curated,GeoNames (via world-cities/joelacus),Seleção histórica curada; países de grande relevância histórica têm mais de 5 cidades. Vaticano é exceção por ser uma cidade-Estado.
Macedônia do Norte,MK,Bitola,41.03226,21.33553,3,historical/curated,GeoNames (via world-cities/joelacus),Seleção histórica curada; países de grande relevância histórica têm mais de 5 cidades. Vaticano é exceção por ser uma cidade-Estado.
Macedônia do Norte,MK,Prilep,41.34558,21.5537,4,historical/curated,GeoNames (via world-cities/joelacus),Seleção histórica curada; países de grande relevância histórica têm mais de 5 cidades. Vaticano é exceção por ser uma cidade-Estado.
Macedônia do Norte,MK,Bansko,41.38389,22.74361,5,major-city fallback,GeoNames (via world-cities/joelacus),Seleção histórica curada; países de grande relevância histórica têm mais de 5 cidades. Vaticano é exceção por ser uma cidade-Estado.
Noruega,NO,Oslo,59.91273,10.74609,1,historical/curated,GeoNames (via world-cities/joelacus),Seleção histórica curada; países de grande relevância histórica têm mais de 5 cidades. Vaticano é exceção por ser uma cidade-Estado.
Noruega,NO,Bergen,60.39299,5.32415,2,historical/curated,GeoNames (via world-cities/joelacus),Seleção histórica curada; países de grande relevância histórica têm mais de 5 cidades. Vaticano é exceção por ser uma cidade-Estado.
Noruega,NO,Trondheim,63.43049,10.39506,3,historical/curated,GeoNames (via world-cities/joelacus),Seleção histórica curada; países de grande relevância histórica têm mais de 5 cidades. Vaticano é exceção por ser uma cidade-Estado.
Noruega,NO,Stavanger,58.97005,5.73332,4,historical/curated,GeoNames (via world-cities/joelacus),Seleção histórica curada; países de grande relevância histórica têm mais de 5 cidades. Vaticano é exceção por ser uma cidade-Estado.
Noruega,NO,Aas,63.05,11.65,5,major-city fallback,GeoNames (via world-cities/joelacus),Seleção histórica curada; países de grande relevância histórica têm mais de 5 cidades. Vaticano é exceção por ser uma cidade-Estado.
Omã,OM,Muscat,23.58413,58.40778,1,historical/curated,GeoNames (via world-cities/joelacus),Seleção histórica curada; países de grande relevância histórica têm mais de 5 cidades. Vaticano é exceção por ser uma cidade-Estado.
Omã,OM,Nizwá,22.93333,57.53333,2,historical/curated,GeoNames (via world-cities/joelacus),Seleção histórica curada; países de grande relevância histórica têm mais de 5 cidades. Vaticano é exceção por ser uma cidade-Estado.
Omã,OM,Şalālah,17.01505,54.09237,3,historical/curated,GeoNames (via world-cities/joelacus),Seleção histórica curada; países de grande relevância histórica têm mais de 5 cidades. Vaticano é exceção por ser uma cidade-Estado.
Omã,OM,Sohar,24.34745,56.70937,4,historical/curated,GeoNames (via world-cities/joelacus),Seleção histórica curada; países de grande relevância histórica têm mais de 5 cidades. Vaticano é exceção por ser uma cidade-Estado.
Omã,OM,Bahlā’,22.97886,57.3047,5,historical/curated,GeoNames (via world-cities/joelacus),Seleção histórica curada; países de grande relevância histórica têm mais de 5 cidades. Vaticano é exceção por ser uma cidade-Estado.
Paquistão,PK,Islamabad,33.72148,73.04329,1,historical/curated,GeoNames (via world-cities/joelacus),Seleção histórica curada; países de grande relevância histórica têm mais de 5 cidades. Vaticano é exceção por ser uma cidade-Estado.
Paquistão,PK,Lahore,31.558,74.35071,2,historical/curated,GeoNames (via world-cities/joelacus),Seleção histórica curada; países de grande relevância histórica têm mais de 5 cidades. Vaticano é exceção por ser uma cidade-Estado.
Paquistão,PK,Karachi,24.8608,67.0104,3,historical/curated,GeoNames (via world-cities/joelacus),Seleção histórica curada; países de grande relevância histórica têm mais de 5 cidades. Vaticano é exceção por ser uma cidade-Estado.
Paquistão,PK,Peshawar,34.008,71.57849,4,historical/curated,GeoNames (via world-cities/joelacus),Seleção histórica curada; países de grande relevância histórica têm mais de 5 cidades. Vaticano é exceção por ser uma cidade-Estado.
Paquistão,PK,Multan,30.19679,71.47824,5,historical/curated,GeoNames (via world-cities/joelacus),Seleção histórica curada; países de grande relevância histórica têm mais de 5 cidades. Vaticano é exceção por ser uma cidade-Estado.
Palau,PW,Ngerulmud,7.50077,134.6238,1,historical/curated,GeoNames (via world-cities/joelacus),Seleção histórica curada; países de grande relevância histórica têm mais de 5 cidades. Vaticano é exceção por ser uma cidade-Estado.
Palau,PW,Koror,7.33978,134.47326,2,historical/curated,GeoNames (via world-cities/joelacus),Seleção histórica curada; países de grande relevância histórica têm mais de 5 cidades. Vaticano é exceção por ser uma cidade-Estado.
Palau,PW,Angaur State,6.90601,134.12997,3,major-city fallback,GeoNames (via world-cities/joelacus),Seleção histórica curada; países de grande relevância histórica têm mais de 5 cidades. Vaticano é exceção por ser uma cidade-Estado.
Palau,PW,Imeong Hamlet,7.53134,134.52713,4,major-city fallback,GeoNames (via world-cities/joelacus),Seleção histórica curada; países de grande relevância histórica têm mais de 5 cidades. Vaticano é exceção por ser uma cidade-Estado.
Palau,PW,Kayangel,8.08228,134.71725,5,major-city fallback,GeoNames (via world-cities/joelacus),Seleção histórica curada; países de grande relevância histórica têm mais de 5 cidades. Vaticano é exceção por ser uma cidade-Estado.
Territórios palestinos,PS,Hebron,31.52935,35.0938,1,historical/curated,GeoNames (via world-cities/joelacus),Seleção histórica curada; países de grande relevância histórica têm mais de 5 cidades. Vaticano é exceção por ser uma cidade-Estado.
Territórios palestinos,PS,Nablus,32.22111,35.25444,2,historical/curated,GeoNames (via world-cities/joelacus),Seleção histórica curada; países de grande relevância histórica têm mais de 5 cidades. Vaticano é exceção por ser uma cidade-Estado.
Territórios palestinos,PS,Bethlehem,31.70487,35.20376,3,historical/curated,GeoNames (via world-cities/joelacus),Seleção histórica curada; países de grande relevância histórica têm mais de 5 cidades. Vaticano é exceção por ser uma cidade-Estado.
Territórios palestinos,PS,Jericho,31.86667,35.45,4,historical/curated,GeoNames (via world-cities/joelacus),Seleção histórica curada; países de grande relevância histórica têm mais de 5 cidades. Vaticano é exceção por ser uma cidade-Estado.
Territórios palestinos,PS,Abū Dīs,31.76215,35.26166,5,major-city fallback,GeoNames (via world-cities/joelacus),Seleção histórica curada; países de grande relevância histórica têm mais de 5 cidades. Vaticano é exceção por ser uma cidade-Estado.
Panamá,PA,Panama City,8.9936,-79.51973,1,historical/curated,GeoNames (via world-cities/joelacus),Seleção histórica curada; países de grande relevância histórica têm mais de 5 cidades. Vaticano é exceção por ser uma cidade-Estado.
Panamá,PA,Colón,9.36025,-79.90019,2,historical/curated,GeoNames (via world-cities/joelacus),Seleção histórica curada; países de grande relevância histórica têm mais de 5 cidades. Vaticano é exceção por ser uma cidade-Estado.
Panamá,PA,Portobelo,9.55303,-79.65693,3,historical/curated,GeoNames (via world-cities/joelacus),Seleção histórica curada; países de grande relevância histórica têm mais de 5 cidades. Vaticano é exceção por ser uma cidade-Estado.
Panamá,PA,David,8.42729,-82.43085,4,historical/curated,GeoNames (via world-cities/joelacus),Seleção histórica curada; países de grande relevância histórica têm mais de 5 cidades. Vaticano é exceção por ser uma cidade-Estado.
Panamá,PA,Natá,8.33588,-80.5213,5,historical/curated,GeoNames (via world-cities/joelacus),Seleção histórica curada; países de grande relevância histórica têm mais de 5 cidades. Vaticano é exceção por ser uma cidade-Estado.
Papua-Nova Guiné,PG,Port Moresby,-9.47723,147.15089,1,historical/curated,GeoNames (via world-cities/joelacus),Seleção histórica curada; países de grande relevância histórica têm mais de 5 cidades. Vaticano é exceção por ser uma cidade-Estado.
Papua-Nova Guiné,PG,Lae,-6.72333,146.99611,2,historical/curated,GeoNames (via world-cities/joelacus),Seleção histórica curada; países de grande relevância histórica têm mais de 5 cidades. Vaticano é exceção por ser uma cidade-Estado.
Papua-Nova Guiné,PG,Madang,-5.22152,145.78695,3,historical/curated,GeoNames (via world-cities/joelacus),Seleção histórica curada; países de grande relevância histórica têm mais de 5 cidades. Vaticano é exceção por ser uma cidade-Estado.
Papua-Nova Guiné,PG,Rabaul,-4.20037,152.16297,4,historical/curated,GeoNames (via world-cities/joelacus),Seleção histórica curada; países de grande relevância histórica têm mais de 5 cidades. Vaticano é exceção por ser uma cidade-Estado.
Papua-Nova Guiné,PG,Aitape,-3.13697,142.34913,5,major-city fallback,GeoNames (via world-cities/joelacus),Seleção histórica curada; países de grande relevância histórica têm mais de 5 cidades. Vaticano é exceção por ser uma cidade-Estado.
Paraguai,PY,Asunción,-25.28646,-57.647,1,historical/curated,GeoNames (via world-cities/joelacus),Seleção histórica curada; países de grande relevância histórica têm mais de 5 cidades. Vaticano é exceção por ser uma cidade-Estado.
Paraguai,PY,Ciudad del Este,-25.5036,-54.65067,2,historical/curated,GeoNames (via world-cities/joelacus),Seleção histórica curada; países de grande relevância histórica têm mais de 5 cidades. Vaticano é exceção por ser uma cidade-Estado.
Paraguai,PY,Encarnación,-27.33176,-55.86662,3,historical/curated,GeoNames (via world-cities/joelacus),Seleção histórica curada; países de grande relevância histórica têm mais de 5 cidades. Vaticano é exceção por ser uma cidade-Estado.
Paraguai,PY,Villarrica,-25.74946,-56.43518,4,historical/curated,GeoNames (via world-cities/joelacus),Seleção histórica curada; países de grande relevância histórica têm mais de 5 cidades. Vaticano é exceção por ser uma cidade-Estado.
Paraguai,PY,Concepción,-23.39985,-57.43236,5,historical/curated,GeoNames (via world-cities/joelacus),Seleção histórica curada; países de grande relevância histórica têm mais de 5 cidades. Vaticano é exceção por ser uma cidade-Estado.
Peru,PE,Cusco,-13.53188,-71.96701,1,historical/curated,GeoNames (via world-cities/joelacus),Seleção histórica curada; países de grande relevância histórica têm mais de 5 cidades. Vaticano é exceção por ser uma cidade-Estado.
Peru,PE,Lima,-12.04318,-77.02824,2,historical/curated,GeoNames (via world-cities/joelacus),Seleção histórica curada; países de grande relevância histórica têm mais de 5 cidades. Vaticano é exceção por ser uma cidade-Estado.
Peru,PE,Arequipa,-16.39899,-71.53747,3,historical/curated,GeoNames (via world-cities/joelacus),Seleção histórica curada; países de grande relevância histórica têm mais de 5 cidades. Vaticano é exceção por ser uma cidade-Estado.
Peru,PE,Trujillo,-8.11599,-79.02998,4,historical/curated,GeoNames (via world-cities/joelacus),Seleção histórica curada; países de grande relevância histórica têm mais de 5 cidades. Vaticano é exceção por ser uma cidade-Estado.
Peru,PE,Ayacucho,-13.1638,-74.22345,5,historical/curated,GeoNames (via world-cities/joelacus),Seleção histórica curada; países de grande relevância histórica têm mais de 5 cidades. Vaticano é exceção por ser uma cidade-Estado.
Filipinas,PH,Manila,14.6042,120.9822,1,historical/curated,GeoNames (via world-cities/joelacus),Seleção histórica curada; países de grande relevância histórica têm mais de 5 cidades. Vaticano é exceção por ser uma cidade-Estado.
Filipinas,PH,Cebu City,10.31672,123.89071,2,historical/curated,GeoNames (via world-cities/joelacus),Seleção histórica curada; países de grande relevância histórica têm mais de 5 cidades. Vaticano é exceção por ser uma cidade-Estado.
Filipinas,PH,Vigan,17.57472,120.38694,3,historical/curated,GeoNames (via world-cities/joelacus),Seleção histórica curada; países de grande relevância histórica têm mais de 5 cidades. Vaticano é exceção por ser uma cidade-Estado.
Filipinas,PH,Davao,7.07306,125.61278,4,historical/curated,GeoNames (via world-cities/joelacus),Seleção histórica curada; países de grande relevância histórica têm mais de 5 cidades. Vaticano é exceção por ser uma cidade-Estado.
Filipinas,PH,Aanislag,13.0748,123.703,5,major-city fallback,GeoNames (via world-cities/joelacus),Seleção histórica curada; países de grande relevância histórica têm mais de 5 cidades. Vaticano é exceção por ser uma cidade-Estado.
Polônia,PL,Warsaw,52.22977,21.01178,1,historical/curated,GeoNames (via world-cities/joelacus),Seleção histórica curada; países de grande relevância histórica têm mais de 5 cidades. Vaticano é exceção por ser uma cidade-Estado.
Polônia,PL,Kraków,50.06143,19.93658,2,historical/curated,GeoNames (via world-cities/joelacus),Seleção histórica curada; países de grande relevância histórica têm mais de 5 cidades. Vaticano é exceção por ser uma cidade-Estado.
Polônia,PL,Gdańsk,54.35227,18.64912,3,historical/curated,GeoNames (via world-cities/joelacus),Seleção histórica curada; países de grande relevância histórica têm mais de 5 cidades. Vaticano é exceção por ser uma cidade-Estado.
Polônia,PL,Poznań,52.40692,16.92993,4,historical/curated,GeoNames (via world-cities/joelacus),Seleção histórica curada; países de grande relevância histórica têm mais de 5 cidades. Vaticano é exceção por ser uma cidade-Estado.
Polônia,PL,Lublin,51.25058,22.57009,5,historical/curated,GeoNames (via world-cities/joelacus),Seleção histórica curada; países de grande relevância histórica têm mais de 5 cidades. Vaticano é exceção por ser uma cidade-Estado.
Polônia,PL,Toruń,53.01375,18.59814,6,historical/curated,GeoNames (via world-cities/joelacus),Seleção histórica curada; países de grande relevância histórica têm mais de 5 cidades. Vaticano é exceção por ser uma cidade-Estado.
Portugal,PT,Lisbon,38.72509,-9.1498,1,historical/curated,GeoNames (via world-cities/joelacus),Seleção histórica curada; países de grande relevância histórica têm mais de 5 cidades. Vaticano é exceção por ser uma cidade-Estado.
Portugal,PT,Porto,41.1485,-8.61097,2,historical/curated,GeoNames (via world-cities/joelacus),Seleção histórica curada; países de grande relevância histórica têm mais de 5 cidades. Vaticano é exceção por ser uma cidade-Estado.
Portugal,PT,Coimbra,40.20686,-8.41996,3,historical/curated,GeoNames (via world-cities/joelacus),Seleção histórica curada; países de grande relevância histórica têm mais de 5 cidades. Vaticano é exceção por ser uma cidade-Estado.
Portugal,PT,Braga,41.5514,-8.42311,4,historical/curated,GeoNames (via world-cities/joelacus),Seleção histórica curada; países de grande relevância histórica têm mais de 5 cidades. Vaticano é exceção por ser uma cidade-Estado.
Portugal,PT,Évora,38.56587,-7.90405,5,historical/curated,GeoNames (via world-cities/joelacus),Seleção histórica curada; países de grande relevância histórica têm mais de 5 cidades. Vaticano é exceção por ser uma cidade-Estado.
Portugal,PT,Guimarães,41.44443,-8.29619,6,historical/curated,GeoNames (via world-cities/joelacus),Seleção histórica curada; países de grande relevância histórica têm mais de 5 cidades. Vaticano é exceção por ser uma cidade-Estado.
Catar,QA,Doha,25.28545,51.53096,1,historical/curated,GeoNames (via world-cities/joelacus),Seleção histórica curada; países de grande relevância histórica têm mais de 5 cidades. Vaticano é exceção por ser uma cidade-Estado.
Catar,QA,Al Wakrah,25.17151,51.60337,2,historical/curated,GeoNames (via world-cities/joelacus),Seleção histórica curada; países de grande relevância histórica têm mais de 5 cidades. Vaticano é exceção por ser uma cidade-Estado.
Catar,QA,Ad Dawḩah al Jadīdah,25.27707,51.53286,3,major-city fallback,GeoNames (via world-cities/joelacus),Seleção histórica curada; países de grande relevância histórica têm mais de 5 cidades. Vaticano é exceção por ser uma cidade-Estado.
Catar,QA,Al Ghuwayrīyah,25.82882,51.24567,4,major-city fallback,GeoNames (via world-cities/joelacus),Seleção histórica curada; países de grande relevância histórica têm mais de 5 cidades. Vaticano é exceção por ser uma cidade-Estado.
Catar,QA,Al Ghānim,25.27987,51.54037,5,major-city fallback,GeoNames (via world-cities/joelacus),Seleção histórica curada; países de grande relevância histórica têm mais de 5 cidades. Vaticano é exceção por ser uma cidade-Estado.
Romênia,RO,Bucharest,44.43225,26.10626,1,historical/curated,GeoNames (via world-cities/joelacus),Seleção histórica curada; países de grande relevância histórica têm mais de 5 cidades. Vaticano é exceção por ser uma cidade-Estado.
Romênia,RO,Cluj-Napoca,46.76667,23.6,2,historical/curated,GeoNames (via world-cities/joelacus),Seleção histórica curada; países de grande relevância histórica têm mais de 5 cidades. Vaticano é exceção por ser uma cidade-Estado.
Romênia,RO,Iaşi,47.16667,27.6,3,historical/curated,GeoNames (via world-cities/joelacus),Seleção histórica curada; países de grande relevância histórica têm mais de 5 cidades. Vaticano é exceção por ser uma cidade-Estado.
Romênia,RO,Sibiu,45.8,24.15,4,historical/curated,GeoNames (via world-cities/joelacus),Seleção histórica curada; países de grande relevância histórica têm mais de 5 cidades. Vaticano é exceção por ser uma cidade-Estado.
Romênia,RO,Braşov,45.64861,25.60613,5,historical/curated,GeoNames (via world-cities/joelacus),Seleção histórica curada; países de grande relevância histórica têm mais de 5 cidades. Vaticano é exceção por ser uma cidade-Estado.
Rússia,RU,Moscow,55.75204,37.61781,1,historical/curated,GeoNames (via world-cities/joelacus),Seleção histórica curada; países de grande relevância histórica têm mais de 5 cidades. Vaticano é exceção por ser uma cidade-Estado.
Rússia,RU,Saint Petersburg,59.93863,30.31413,2,historical/curated,GeoNames (via world-cities/joelacus),Seleção histórica curada; países de grande relevância histórica têm mais de 5 cidades. Vaticano é exceção por ser uma cidade-Estado.
Rússia,RU,Kazan,55.78874,49.12214,3,historical/curated,GeoNames (via world-cities/joelacus),Seleção histórica curada; países de grande relevância histórica têm mais de 5 cidades. Vaticano é exceção por ser uma cidade-Estado.
Rússia,RU,Vladimir,56.13854,40.39976,4,historical/curated,GeoNames (via world-cities/joelacus),Seleção histórica curada; países de grande relevância histórica têm mais de 5 cidades. Vaticano é exceção por ser uma cidade-Estado.
Rússia,RU,Suzdal’,56.42408,40.44978,5,historical/curated,GeoNames (via world-cities/joelacus),Seleção histórica curada; países de grande relevância histórica têm mais de 5 cidades. Vaticano é exceção por ser uma cidade-Estado.
Rússia,RU,Smolensk,54.77826,32.05088,6,historical/curated,GeoNames (via world-cities/joelacus),Seleção histórica curada; países de grande relevância histórica têm mais de 5 cidades. Vaticano é exceção por ser uma cidade-Estado.
Rússia,RU,Yaroslavl,57.62987,39.87368,7,historical/curated,GeoNames (via world-cities/joelacus),Seleção histórica curada; países de grande relevância histórica têm mais de 5 cidades. Vaticano é exceção por ser uma cidade-Estado.
Rússia,RU,Astrakhan,46.34968,48.04076,8,historical/curated,GeoNames (via world-cities/joelacus),Seleção histórica curada; países de grande relevância histórica têm mais de 5 cidades. Vaticano é exceção por ser uma cidade-Estado.
Ruanda,RW,Kigali,-1.94995,30.05885,1,historical/curated,GeoNames (via world-cities/joelacus),Seleção histórica curada; países de grande relevância histórica têm mais de 5 cidades. Vaticano é exceção por ser uma cidade-Estado.
Ruanda,RW,Butare,-2.59667,29.73944,2,historical/curated,GeoNames (via world-cities/joelacus),Seleção histórica curada; países de grande relevância histórica têm mais de 5 cidades. Vaticano é exceção por ser uma cidade-Estado.
Ruanda,RW,Gisenyi,-1.70278,29.25639,3,historical/curated,GeoNames (via world-cities/joelacus),Seleção histórica curada; países de grande relevância histórica têm mais de 5 cidades. Vaticano é exceção por ser uma cidade-Estado.
Ruanda,RW,Bugaragara,-1.29289,30.40766,4,major-city fallback,GeoNames (via world-cities/joelacus),Seleção histórica curada; países de grande relevância histórica têm mais de 5 cidades. Vaticano é exceção por ser uma cidade-Estado.
Ruanda,RW,Bugarama,-2.6924,29.0077,5,major-city fallback,GeoNames (via world-cities/joelacus),Seleção histórica curada; países de grande relevância histórica têm mais de 5 cidades. Vaticano é exceção por ser uma cidade-Estado.
São Cristóvão e Névis,KN,Basseterre,17.2955,-62.72499,1,historical/curated,GeoNames (via world-cities/joelacus),Seleção histórica curada; países de grande relevância histórica têm mais de 5 cidades. Vaticano é exceção por ser uma cidade-Estado.
São Cristóvão e Névis,KN,Charlestown,17.13333,-62.61667,2,historical/curated,GeoNames (via world-cities/joelacus),Seleção histórica curada; países de grande relevância histórica têm mais de 5 cidades. Vaticano é exceção por ser uma cidade-Estado.
São Cristóvão e Névis,KN,Cayon,17.35,-62.73333,3,major-city fallback,GeoNames (via world-cities/joelacus),Seleção histórica curada; países de grande relevância histórica têm mais de 5 cidades. Vaticano é exceção por ser uma cidade-Estado.
São Cristóvão e Névis,KN,Cotton Ground,17.16667,-62.61667,4,major-city fallback,GeoNames (via world-cities/joelacus),Seleção histórica curada; países de grande relevância histórica têm mais de 5 cidades. Vaticano é exceção por ser uma cidade-Estado.
São Cristóvão e Névis,KN,Dieppe Bay Town,17.41473,-62.8139,5,major-city fallback,GeoNames (via world-cities/joelacus),Seleção histórica curada; países de grande relevância histórica têm mais de 5 cidades. Vaticano é exceção por ser uma cidade-Estado.
Santa Lúcia,LC,Castries,13.9957,-61.00614,1,historical/curated,GeoNames (via world-cities/joelacus),Seleção histórica curada; países de grande relevância histórica têm mais de 5 cidades. Vaticano é exceção por ser uma cidade-Estado.
Santa Lúcia,LC,Soufrière,13.85616,-61.0566,2,historical/curated,GeoNames (via world-cities/joelacus),Seleção histórica curada; países de grande relevância histórica têm mais de 5 cidades. Vaticano é exceção por ser uma cidade-Estado.
Santa Lúcia,LC,Vieux Fort,13.71667,-60.95,3,historical/curated,GeoNames (via world-cities/joelacus),Seleção histórica curada; países de grande relevância histórica têm mais de 5 cidades. Vaticano é exceção por ser uma cidade-Estado.
Santa Lúcia,LC,Anse Ger,13.79775,-60.9164,4,major-city fallback,GeoNames (via world-cities/joelacus),Seleção histórica curada; países de grande relevância histórica têm mais de 5 cidades. Vaticano é exceção por ser uma cidade-Estado.
Santa Lúcia,LC,Anse La Raye,13.94619,-61.03879,5,major-city fallback,GeoNames (via world-cities/joelacus),Seleção histórica curada; países de grande relevância histórica têm mais de 5 cidades. Vaticano é exceção por ser uma cidade-Estado.
São Vicente e Granadinas,VC,Kingstown,13.15527,-61.22742,1,historical/curated,GeoNames (via world-cities/joelacus),Seleção histórica curada; países de grande relevância histórica têm mais de 5 cidades. Vaticano é exceção por ser uma cidade-Estado.
São Vicente e Granadinas,VC,Georgetown,13.28054,-61.1185,2,historical/curated,GeoNames (via world-cities/joelacus),Seleção histórica curada; países de grande relevância histórica têm mais de 5 cidades. Vaticano é exceção por ser uma cidade-Estado.
São Vicente e Granadinas,VC,Barrouallie,13.23676,-61.27275,3,historical/curated,GeoNames (via world-cities/joelacus),Seleção histórica curada; países de grande relevância histórica têm mais de 5 cidades. Vaticano é exceção por ser uma cidade-Estado.
São Vicente e Granadinas,VC,Chateaubelair,13.29069,-61.24043,4,historical/curated,GeoNames (via world-cities/joelacus),Seleção histórica curada; países de grande relevância histórica têm mais de 5 cidades. Vaticano é exceção por ser uma cidade-Estado.
São Vicente e Granadinas,VC,Layou,13.20175,-61.27014,5,historical/curated,GeoNames (via world-cities/joelacus),Seleção histórica curada; países de grande relevância histórica têm mais de 5 cidades. Vaticano é exceção por ser uma cidade-Estado.
Samoa,WS,Apia,-13.83333,-171.76666,1,historical/curated,GeoNames (via world-cities/joelacus),Seleção histórica curada; países de grande relevância histórica têm mais de 5 cidades. Vaticano é exceção por ser uma cidade-Estado.
Samoa,WS,Asau,-13.51963,-172.63784,2,historical/curated,GeoNames (via world-cities/joelacus),Seleção histórica curada; países de grande relevância histórica têm mais de 5 cidades. Vaticano é exceção por ser uma cidade-Estado.
Samoa,WS,Afega,-13.79726,-171.85308,3,major-city fallback,GeoNames (via world-cities/joelacus),Seleção histórica curada; países de grande relevância histórica têm mais de 5 cidades. Vaticano é exceção por ser uma cidade-Estado.
Samoa,WS,Falefa,-13.88695,-171.58805,4,major-city fallback,GeoNames (via world-cities/joelacus),Seleção histórica curada; países de grande relevância histórica têm mais de 5 cidades. Vaticano é exceção por ser uma cidade-Estado.
Samoa,WS,Faleula,-13.79457,-171.83126,5,major-city fallback,GeoNames (via world-cities/joelacus),Seleção histórica curada; países de grande relevância histórica têm mais de 5 cidades. Vaticano é exceção por ser uma cidade-Estado.
San Marino,SM,San Marino,43.93667,12.44639,1,historical/curated,GeoNames (via world-cities/joelacus),Seleção histórica curada; países de grande relevância histórica têm mais de 5 cidades. Vaticano é exceção por ser uma cidade-Estado.
San Marino,SM,Serravalle,43.96897,12.48167,2,historical/curated,GeoNames (via world-cities/joelacus),Seleção histórica curada; países de grande relevância histórica têm mais de 5 cidades. Vaticano é exceção por ser uma cidade-Estado.
San Marino,SM,Borgo Maggiore,43.94193,12.44738,3,historical/curated,GeoNames (via world-cities/joelacus),Seleção histórica curada; países de grande relevância histórica têm mais de 5 cidades. Vaticano é exceção por ser uma cidade-Estado.
San Marino,SM,Acquaviva,43.94593,12.4185,4,major-city fallback,GeoNames (via world-cities/joelacus),Seleção histórica curada; países de grande relevância histórica têm mais de 5 cidades. Vaticano é exceção por ser uma cidade-Estado.
San Marino,SM,Cailungo,43.95186,12.4536,5,major-city fallback,GeoNames (via world-cities/joelacus),Seleção histórica curada; países de grande relevância histórica têm mais de 5 cidades. Vaticano é exceção por ser uma cidade-Estado.
São Tomé e Príncipe,ST,São Tomé,0.33756,6.7299,1,historical/curated,GeoNames (via world-cities/joelacus),Seleção histórica curada; países de grande relevância histórica têm mais de 5 cidades. Vaticano é exceção por ser uma cidade-Estado.
São Tomé e Príncipe,ST,Santo António,1.63943,7.41951,2,historical/curated,GeoNames (via world-cities/joelacus),Seleção histórica curada; países de grande relevância histórica têm mais de 5 cidades. Vaticano é exceção por ser uma cidade-Estado.
São Tomé e Príncipe,ST,Trindade,0.29667,6.68139,3,historical/curated,GeoNames (via world-cities/joelacus),Seleção histórica curada; países de grande relevância histórica têm mais de 5 cidades. Vaticano é exceção por ser uma cidade-Estado.
São Tomé e Príncipe,ST,Agua Porca,0.33086,6.71058,4,major-city fallback,GeoNames (via world-cities/joelacus),Seleção histórica curada; países de grande relevância histórica têm mais de 5 cidades. Vaticano é exceção por ser uma cidade-Estado.
São Tomé e Príncipe,ST,Almas,0.29907,6.74467,5,major-city fallback,GeoNames (via world-cities/joelacus),Seleção histórica curada; países de grande relevância histórica têm mais de 5 cidades. Vaticano é exceção por ser uma cidade-Estado.
Arábia Saudita,SA,Riyadh,24.68773,46.72185,1,historical/curated,GeoNames (via world-cities/joelacus),Seleção histórica curada; países de grande relevância histórica têm mais de 5 cidades. Vaticano é exceção por ser uma cidade-Estado.
Arábia Saudita,SA,Jeddah,21.49012,39.18624,2,historical/curated,GeoNames (via world-cities/joelacus),Seleção histórica curada; países de grande relevância histórica têm mais de 5 cidades. Vaticano é exceção por ser uma cidade-Estado.
Arábia Saudita,SA,Ta’if,21.27028,40.41583,3,historical/curated,GeoNames (via world-cities/joelacus),Seleção histórica curada; países de grande relevância histórica têm mais de 5 cidades. Vaticano é exceção por ser uma cidade-Estado.
Arábia Saudita,SA,Abha,18.21639,42.50528,4,major-city fallback,GeoNames (via world-cities/joelacus),Seleção histórica curada; países de grande relevância histórica têm mais de 5 cidades. Vaticano é exceção por ser uma cidade-Estado.
Arábia Saudita,SA,Abqaiq,25.93402,49.6688,5,major-city fallback,GeoNames (via world-cities/joelacus),Seleção histórica curada; países de grande relevância histórica têm mais de 5 cidades. Vaticano é exceção por ser uma cidade-Estado.
Senegal,SN,Dakar,14.6937,-17.44406,1,historical/curated,GeoNames (via world-cities/joelacus),Seleção histórica curada; países de grande relevância histórica têm mais de 5 cidades. Vaticano é exceção por ser uma cidade-Estado.
Senegal,SN,Saint-Louis,16.01793,-16.48962,2,historical/curated,GeoNames (via world-cities/joelacus),Seleção histórica curada; países de grande relevância histórica têm mais de 5 cidades. Vaticano é exceção por ser uma cidade-Estado.
Senegal,SN,Thiès,14.78944,-16.92602,3,historical/curated,GeoNames (via world-cities/joelacus),Seleção histórica curada; países de grande relevância histórica têm mais de 5 cidades. Vaticano é exceção por ser uma cidade-Estado.
Senegal,SN,Touba,14.86229,-15.87532,4,historical/curated,GeoNames (via world-cities/joelacus),Seleção histórica curada; países de grande relevância histórica têm mais de 5 cidades. Vaticano é exceção por ser uma cidade-Estado.
Senegal,SN,Rufisque,14.71542,-17.27334,5,historical/curated,GeoNames (via world-cities/joelacus),Seleção histórica curada; países de grande relevância histórica têm mais de 5 cidades. Vaticano é exceção por ser uma cidade-Estado.
Sérvia,RS,Belgrade,44.80401,20.46513,1,historical/curated,GeoNames (via world-cities/joelacus),Seleção histórica curada; países de grande relevância histórica têm mais de 5 cidades. Vaticano é exceção por ser uma cidade-Estado.
Sérvia,RS,Novi Sad,45.25167,19.83694,2,historical/curated,GeoNames (via world-cities/joelacus),Seleção histórica curada; países de grande relevância histórica têm mais de 5 cidades. Vaticano é exceção por ser uma cidade-Estado.
Sérvia,RS,Niš,43.32472,21.90333,3,historical/curated,GeoNames (via world-cities/joelacus),Seleção histórica curada; países de grande relevância histórica têm mais de 5 cidades. Vaticano é exceção por ser uma cidade-Estado.
Sérvia,RS,Kragujevac,44.01667,20.91667,4,historical/curated,GeoNames (via world-cities/joelacus),Seleção histórica curada; países de grande relevância histórica têm mais de 5 cidades. Vaticano é exceção por ser uma cidade-Estado.
Sérvia,RS,Smederevo,44.66436,20.92763,5,historical/curated,GeoNames (via world-cities/joelacus),Seleção histórica curada; países de grande relevância histórica têm mais de 5 cidades. Vaticano é exceção por ser uma cidade-Estado.
Seicheles,SC,Victoria,-4.62001,55.45501,1,historical/curated,GeoNames (via world-cities/joelacus),Seleção histórica curada; países de grande relevância histórica têm mais de 5 cidades. Vaticano é exceção por ser uma cidade-Estado.
Seicheles,SC,Anse Royale,-4.73333,55.51667,2,historical/curated,GeoNames (via world-cities/joelacus),Seleção histórica curada; países de grande relevância histórica têm mais de 5 cidades. Vaticano é exceção por ser uma cidade-Estado.
Seicheles,SC,Beau Vallon,-4.62091,55.43015,3,historical/curated,GeoNames (via world-cities/joelacus),Seleção histórica curada; países de grande relevância histórica têm mais de 5 cidades. Vaticano é exceção por ser uma cidade-Estado.
Seicheles,SC,Anse Boileau,-4.71667,55.48333,4,major-city fallback,GeoNames (via world-cities/joelacus),Seleção histórica curada; países de grande relevância histórica têm mais de 5 cidades. Vaticano é exceção por ser uma cidade-Estado.
Seicheles,SC,Anse aux Pins,-4.686,55.522,5,major-city fallback,GeoNames (via world-cities/joelacus),Seleção histórica curada; países de grande relevância histórica têm mais de 5 cidades. Vaticano é exceção por ser uma cidade-Estado.
Serra Leoa,SL,Freetown,8.48714,-13.2356,1,historical/curated,GeoNames (via world-cities/joelacus),Seleção histórica curada; países de grande relevância histórica têm mais de 5 cidades. Vaticano é exceção por ser uma cidade-Estado.
Serra Leoa,SL,Bo,7.96472,-11.73833,2,historical/curated,GeoNames (via world-cities/joelacus),Seleção histórica curada; países de grande relevância histórica têm mais de 5 cidades. Vaticano é exceção por ser uma cidade-Estado.
Serra Leoa,SL,Kenema,7.87687,-11.19025,3,historical/curated,GeoNames (via world-cities/joelacus),Seleção histórica curada; países de grande relevância histórica têm mais de 5 cidades. Vaticano é exceção por ser uma cidade-Estado.
Serra Leoa,SL,Makeni,8.88605,-12.04417,4,historical/curated,GeoNames (via world-cities/joelacus),Seleção histórica curada; países de grande relevância histórica têm mais de 5 cidades. Vaticano é exceção por ser uma cidade-Estado.
Serra Leoa,SL,Alikalia,9.15356,-11.38712,5,major-city fallback,GeoNames (via world-cities/joelacus),Seleção histórica curada; países de grande relevância histórica têm mais de 5 cidades. Vaticano é exceção por ser uma cidade-Estado.
Singapura,SG,Singapore,1.28967,103.85007,1,historical/curated,GeoNames (via world-cities/joelacus),Seleção histórica curada; países de grande relevância histórica têm mais de 5 cidades. Vaticano é exceção por ser uma cidade-Estado.
Singapura,SG,Admiralty,1.44069,103.80093,2,major-city fallback,GeoNames (via world-cities/joelacus),Seleção histórica curada; países de grande relevância histórica têm mais de 5 cidades. Vaticano é exceção por ser uma cidade-Estado.
Singapura,SG,Alexandra Estate,1.29389,103.81972,3,major-city fallback,GeoNames (via world-cities/joelacus),Seleção histórica curada; países de grande relevância histórica têm mais de 5 cidades. Vaticano é exceção por ser uma cidade-Estado.
Singapura,SG,Anak Bukit,1.34067,103.77301,4,major-city fallback,GeoNames (via world-cities/joelacus),Seleção histórica curada; países de grande relevância histórica têm mais de 5 cidades. Vaticano é exceção por ser uma cidade-Estado.
Singapura,SG,Ang Mo Kio New Town,1.38028,103.83972,5,major-city fallback,GeoNames (via world-cities/joelacus),Seleção histórica curada; países de grande relevância histórica têm mais de 5 cidades. Vaticano é exceção por ser uma cidade-Estado.
Eslováquia,SK,Bratislava,48.14816,17.10674,1,historical/curated,GeoNames (via world-cities/joelacus),Seleção histórica curada; países de grande relevância histórica têm mais de 5 cidades. Vaticano é exceção por ser uma cidade-Estado.
Eslováquia,SK,Košice,48.71441,21.25802,2,historical/curated,GeoNames (via world-cities/joelacus),Seleção histórica curada; países de grande relevância histórica têm mais de 5 cidades. Vaticano é exceção por ser uma cidade-Estado.
Eslováquia,SK,Nitra,48.30763,18.08453,3,historical/curated,GeoNames (via world-cities/joelacus),Seleção histórica curada; países de grande relevância histórica têm mais de 5 cidades. Vaticano é exceção por ser uma cidade-Estado.
Eslováquia,SK,Banská Bystrica,48.73947,19.14932,4,historical/curated,GeoNames (via world-cities/joelacus),Seleção histórica curada; países de grande relevância histórica têm mais de 5 cidades. Vaticano é exceção por ser uma cidade-Estado.
Eslováquia,SK,Trnava,48.37773,17.58603,5,historical/curated,GeoNames (via world-cities/joelacus),Seleção histórica curada; países de grande relevância histórica têm mais de 5 cidades. Vaticano é exceção por ser uma cidade-Estado.
Eslovênia,SI,Ljubljana,46.05108,14.50513,1,historical/curated,GeoNames (via world-cities/joelacus),Seleção histórica curada; países de grande relevância histórica têm mais de 5 cidades. Vaticano é exceção por ser uma cidade-Estado.
Eslovênia,SI,Maribor,46.55583,15.64593,2,historical/curated,GeoNames (via world-cities/joelacus),Seleção histórica curada; países de grande relevância histórica têm mais de 5 cidades. Vaticano é exceção por ser uma cidade-Estado.
Eslovênia,SI,Ptuj,46.42005,15.87018,3,historical/curated,GeoNames (via world-cities/joelacus),Seleção histórica curada; países de grande relevância histórica têm mais de 5 cidades. Vaticano é exceção por ser uma cidade-Estado.
Eslovênia,SI,Koper,45.5482,13.72963,4,historical/curated,GeoNames (via world-cities/joelacus),Seleção histórica curada; países de grande relevância histórica têm mais de 5 cidades. Vaticano é exceção por ser uma cidade-Estado.
Eslovênia,SI,Celje,46.23092,15.26044,5,historical/curated,GeoNames (via world-cities/joelacus),Seleção histórica curada; países de grande relevância histórica têm mais de 5 cidades. Vaticano é exceção por ser uma cidade-Estado.
Ilhas Salomão,SB,Honiara,-9.43333,159.95,1,historical/curated,GeoNames (via world-cities/joelacus),Seleção histórica curada; países de grande relevância histórica têm mais de 5 cidades. Vaticano é exceção por ser uma cidade-Estado.
Ilhas Salomão,SB,Gizo,-8.10303,156.84186,2,historical/curated,GeoNames (via world-cities/joelacus),Seleção histórica curada; países de grande relevância histórica têm mais de 5 cidades. Vaticano é exceção por ser uma cidade-Estado.
Ilhas Salomão,SB,Auki,-8.76778,160.69778,3,historical/curated,GeoNames (via world-cities/joelacus),Seleção histórica curada; países de grande relevância histórica têm mais de 5 cidades. Vaticano é exceção por ser uma cidade-Estado.
Ilhas Salomão,SB,Buala,-8.14497,159.59212,4,major-city fallback,GeoNames (via world-cities/joelacus),Seleção histórica curada; países de grande relevância histórica têm mais de 5 cidades. Vaticano é exceção por ser uma cidade-Estado.
Ilhas Salomão,SB,Kirakira,-10.45442,161.92045,5,major-city fallback,GeoNames (via world-cities/joelacus),Seleção histórica curada; países de grande relevância histórica têm mais de 5 cidades. Vaticano é exceção por ser uma cidade-Estado.
Somália,SO,Mogadishu,2.03711,45.34375,1,historical/curated,GeoNames (via world-cities/joelacus),Seleção histórica curada; países de grande relevância histórica têm mais de 5 cidades. Vaticano é exceção por ser uma cidade-Estado.
Somália,SO,Kismayo,-0.35817,42.54536,2,historical/curated,GeoNames (via world-cities/joelacus),Seleção histórica curada; países de grande relevância histórica têm mais de 5 cidades. Vaticano é exceção por ser uma cidade-Estado.
Somália,SO,Berbera,10.43959,45.01432,3,historical/curated,GeoNames (via world-cities/joelacus),Seleção histórica curada; países de grande relevância histórica têm mais de 5 cidades. Vaticano é exceção por ser uma cidade-Estado.
Somália,SO,Adado,6.13603,46.62761,4,major-city fallback,GeoNames (via world-cities/joelacus),Seleção histórica curada; países de grande relevância histórica têm mais de 5 cidades. Vaticano é exceção por ser uma cidade-Estado.
Somália,SO,Afgooye,2.1381,45.1212,5,major-city fallback,GeoNames (via world-cities/joelacus),Seleção histórica curada; países de grande relevância histórica têm mais de 5 cidades. Vaticano é exceção por ser uma cidade-Estado.
África do Sul,ZA,Cape Town,-33.92584,18.42322,1,historical/curated,GeoNames (via world-cities/joelacus),Seleção histórica curada; países de grande relevância histórica têm mais de 5 cidades. Vaticano é exceção por ser uma cidade-Estado.
África do Sul,ZA,Johannesburg,-26.20227,28.04363,2,historical/curated,GeoNames (via world-cities/joelacus),Seleção histórica curada; países de grande relevância histórica têm mais de 5 cidades. Vaticano é exceção por ser uma cidade-Estado.
África do Sul,ZA,Pretoria,-25.74486,28.18783,3,historical/curated,GeoNames (via world-cities/joelacus),Seleção histórica curada; países de grande relevância histórica têm mais de 5 cidades. Vaticano é exceção por ser uma cidade-Estado.
África do Sul,ZA,Durban,-29.8579,31.0292,4,historical/curated,GeoNames (via world-cities/joelacus),Seleção histórica curada; países de grande relevância histórica têm mais de 5 cidades. Vaticano é exceção por ser uma cidade-Estado.
África do Sul,ZA,Gqeberha,-33.96109,25.61494,5,historical/curated,GeoNames (via world-cities/joelacus),Seleção histórica curada; países de grande relevância histórica têm mais de 5 cidades. Vaticano é exceção por ser uma cidade-Estado.
Sudão do Sul,SS,Juba,4.85165,31.58247,1,historical/curated,GeoNames (via world-cities/joelacus),Seleção histórica curada; países de grande relevância histórica têm mais de 5 cidades. Vaticano é exceção por ser uma cidade-Estado.
Sudão do Sul,SS,Wau,7.70111,27.98972,2,historical/curated,GeoNames (via world-cities/joelacus),Seleção histórica curada; países de grande relevância histórica têm mais de 5 cidades. Vaticano é exceção por ser uma cidade-Estado.
Sudão do Sul,SS,Malakal,9.53342,31.66049,3,historical/curated,GeoNames (via world-cities/joelacus),Seleção histórica curada; países de grande relevância histórica têm mais de 5 cidades. Vaticano é exceção por ser uma cidade-Estado.
Sudão do Sul,SS,Yei,4.09444,30.67639,4,historical/curated,GeoNames (via world-cities/joelacus),Seleção histórica curada; países de grande relevância histórica têm mais de 5 cidades. Vaticano é exceção por ser uma cidade-Estado.
Sudão do Sul,SS,Aweil,8.76194,27.39194,5,historical/curated,GeoNames (via world-cities/joelacus),Seleção histórica curada; países de grande relevância histórica têm mais de 5 cidades. Vaticano é exceção por ser uma cidade-Estado.
Espanha,ES,Madrid,40.4165,-3.70256,1,historical/curated,GeoNames (via world-cities/joelacus),Seleção histórica curada; países de grande relevância histórica têm mais de 5 cidades. Vaticano é exceção por ser uma cidade-Estado.
Espanha,ES,Barcelona,41.38879,2.15899,2,historical/curated,GeoNames (via world-cities/joelacus),Seleção histórica curada; países de grande relevância histórica têm mais de 5 cidades. Vaticano é exceção por ser uma cidade-Estado.
Espanha,ES,Toledo,39.8581,-4.02263,3,historical/curated,GeoNames (via world-cities/joelacus),Seleção histórica curada; países de grande relevância histórica têm mais de 5 cidades. Vaticano é exceção por ser uma cidade-Estado.
Espanha,ES,Córdoba,37.89155,-4.77275,4,historical/curated,GeoNames (via world-cities/joelacus),Seleção histórica curada; países de grande relevância histórica têm mais de 5 cidades. Vaticano é exceção por ser uma cidade-Estado.
Espanha,ES,Granada,37.18817,-3.60667,5,historical/curated,GeoNames (via world-cities/joelacus),Seleção histórica curada; países de grande relevância histórica têm mais de 5 cidades. Vaticano é exceção por ser uma cidade-Estado.
Espanha,ES,Valencia,39.47391,-0.37966,6,historical/curated,GeoNames (via world-cities/joelacus),Seleção histórica curada; países de grande relevância histórica têm mais de 5 cidades. Vaticano é exceção por ser uma cidade-Estado.
Espanha,ES,Cadiz,36.52672,-6.2891,7,historical/curated,GeoNames (via world-cities/joelacus),Seleção histórica curada; países de grande relevância histórica têm mais de 5 cidades. Vaticano é exceção por ser uma cidade-Estado.
Espanha,ES,Salamanca,40.42972,-3.67975,8,historical/curated,GeoNames (via world-cities/joelacus),Seleção histórica curada; países de grande relevância histórica têm mais de 5 cidades. Vaticano é exceção por ser uma cidade-Estado.
Espanha,ES,Santiago de Compostela,42.88052,-8.54569,9,historical/curated,GeoNames (via world-cities/joelacus),Seleção histórica curada; países de grande relevância histórica têm mais de 5 cidades. Vaticano é exceção por ser uma cidade-Estado.
Sri Lanka,LK,Colombo,6.93548,79.84868,1,historical/curated,GeoNames (via world-cities/joelacus),Seleção histórica curada; países de grande relevância histórica têm mais de 5 cidades. Vaticano é exceção por ser uma cidade-Estado.
Sri Lanka,LK,Kandy,7.2906,80.6336,2,historical/curated,GeoNames (via world-cities/joelacus),Seleção histórica curada; países de grande relevância histórica têm mais de 5 cidades. Vaticano é exceção por ser uma cidade-Estado.
Sri Lanka,LK,Anuradhapura,8.31223,80.41306,3,historical/curated,GeoNames (via world-cities/joelacus),Seleção histórica curada; países de grande relevância histórica têm mais de 5 cidades. Vaticano é exceção por ser uma cidade-Estado.
Sri Lanka,LK,Polonnaruwa,7.93965,81.00274,4,historical/curated,GeoNames (via world-cities/joelacus),Seleção histórica curada; países de grande relevância histórica têm mais de 5 cidades. Vaticano é exceção por ser uma cidade-Estado.
Sri Lanka,LK,Jaffna,9.66845,80.00742,5,historical/curated,GeoNames (via world-cities/joelacus),Seleção histórica curada; países de grande relevância histórica têm mais de 5 cidades. Vaticano é exceção por ser uma cidade-Estado.
Sudão,SD,Khartoum,15.55177,32.53241,1,historical/curated,GeoNames (via world-cities/joelacus),Seleção histórica curada; países de grande relevância histórica têm mais de 5 cidades. Vaticano é exceção por ser uma cidade-Estado.
Sudão,SD,Omdurman,15.64453,32.47773,2,historical/curated,GeoNames (via world-cities/joelacus),Seleção histórica curada; países de grande relevância histórica têm mais de 5 cidades. Vaticano é exceção por ser uma cidade-Estado.
Sudão,SD,Dongola,19.18163,30.47689,3,historical/curated,GeoNames (via world-cities/joelacus),Seleção histórica curada; países de grande relevância histórica têm mais de 5 cidades. Vaticano é exceção por ser uma cidade-Estado.
Sudão,SD,Suakin,19.1059,37.3321,4,historical/curated,GeoNames (via world-cities/joelacus),Seleção histórica curada; países de grande relevância histórica têm mais de 5 cidades. Vaticano é exceção por ser uma cidade-Estado.
Sudão,SD,'Ārdamatā,13.47546,22.48531,5,major-city fallback,GeoNames (via world-cities/joelacus),Seleção histórica curada; países de grande relevância histórica têm mais de 5 cidades. Vaticano é exceção por ser uma cidade-Estado.
Suriname,SR,Paramaribo,5.86638,-55.16682,1,historical/curated,GeoNames (via world-cities/joelacus),Seleção histórica curada; países de grande relevância histórica têm mais de 5 cidades. Vaticano é exceção por ser uma cidade-Estado.
Suriname,SR,Nieuw Nickerie,5.92606,-56.97297,2,historical/curated,GeoNames (via world-cities/joelacus),Seleção histórica curada; países de grande relevância histórica têm mais de 5 cidades. Vaticano é exceção por ser uma cidade-Estado.
Suriname,SR,Albina,5.49788,-54.05522,3,historical/curated,GeoNames (via world-cities/joelacus),Seleção histórica curada; países de grande relevância histórica têm mais de 5 cidades. Vaticano é exceção por ser uma cidade-Estado.
Suriname,SR,Brownsweg,5.00435,-55.15333,4,historical/curated,GeoNames (via world-cities/joelacus),Seleção histórica curada; países de grande relevância histórica têm mais de 5 cidades. Vaticano é exceção por ser uma cidade-Estado.
Suriname,SR,Groningen,5.8,-55.46667,5,historical/curated,GeoNames (via world-cities/joelacus),Seleção histórica curada; países de grande relevância histórica têm mais de 5 cidades. Vaticano é exceção por ser uma cidade-Estado.
Suécia,SE,Stockholm,59.32938,18.06871,1,historical/curated,GeoNames (via world-cities/joelacus),Seleção histórica curada; países de grande relevância histórica têm mais de 5 cidades. Vaticano é exceção por ser uma cidade-Estado.
Suécia,SE,Gothenburg,57.70716,11.96679,2,historical/curated,GeoNames (via world-cities/joelacus),Seleção histórica curada; países de grande relevância histórica têm mais de 5 cidades. Vaticano é exceção por ser uma cidade-Estado.
Suécia,SE,Uppsala,59.85882,17.63889,3,historical/curated,GeoNames (via world-cities/joelacus),Seleção histórica curada; países de grande relevância histórica têm mais de 5 cidades. Vaticano é exceção por ser uma cidade-Estado.
Suécia,SE,Visby,57.64089,18.29602,4,historical/curated,GeoNames (via world-cities/joelacus),Seleção histórica curada; países de grande relevância histórica têm mais de 5 cidades. Vaticano é exceção por ser uma cidade-Estado.
Suécia,SE,Lund,55.70584,13.19321,5,historical/curated,GeoNames (via world-cities/joelacus),Seleção histórica curada; países de grande relevância histórica têm mais de 5 cidades. Vaticano é exceção por ser uma cidade-Estado.
Suíça,CH,Zürich,47.36667,8.55,1,historical/curated,GeoNames (via world-cities/joelacus),Seleção histórica curada; países de grande relevância histórica têm mais de 5 cidades. Vaticano é exceção por ser uma cidade-Estado.
Suíça,CH,Geneva,46.20222,6.14569,2,historical/curated,GeoNames (via world-cities/joelacus),Seleção histórica curada; países de grande relevância histórica têm mais de 5 cidades. Vaticano é exceção por ser uma cidade-Estado.
Suíça,CH,Bern,46.94809,7.44744,3,historical/curated,GeoNames (via world-cities/joelacus),Seleção histórica curada; países de grande relevância histórica têm mais de 5 cidades. Vaticano é exceção por ser uma cidade-Estado.
Suíça,CH,Basel,47.55839,7.57327,4,historical/curated,GeoNames (via world-cities/joelacus),Seleção histórica curada; países de grande relevância histórica têm mais de 5 cidades. Vaticano é exceção por ser uma cidade-Estado.
Suíça,CH,Lausanne,46.516,6.63282,5,historical/curated,GeoNames (via world-cities/joelacus),Seleção histórica curada; países de grande relevância histórica têm mais de 5 cidades. Vaticano é exceção por ser uma cidade-Estado.
Síria,SY,Damascus,33.5102,36.29128,1,historical/curated,GeoNames (via world-cities/joelacus),Seleção histórica curada; países de grande relevância histórica têm mais de 5 cidades. Vaticano é exceção por ser uma cidade-Estado.
Síria,SY,Aleppo,36.20124,37.16117,2,historical/curated,GeoNames (via world-cities/joelacus),Seleção histórica curada; países de grande relevância histórica têm mais de 5 cidades. Vaticano é exceção por ser uma cidade-Estado.
Síria,SY,Homs,34.72405,36.72559,3,historical/curated,GeoNames (via world-cities/joelacus),Seleção histórica curada; países de grande relevância histórica têm mais de 5 cidades. Vaticano é exceção por ser uma cidade-Estado.
Síria,SY,Latakia,35.53125,35.79088,4,historical/curated,GeoNames (via world-cities/joelacus),Seleção histórica curada; países de grande relevância histórica têm mais de 5 cidades. Vaticano é exceção por ser uma cidade-Estado.
Síria,SY,Abū Qalqal,36.43806,38.11984,5,major-city fallback,GeoNames (via world-cities/joelacus),Seleção histórica curada; países de grande relevância histórica têm mais de 5 cidades. Vaticano é exceção por ser uma cidade-Estado.
Tadjiquistão,TJ,Dushanbe,38.53575,68.77905,1,historical/curated,GeoNames (via world-cities/joelacus),Seleção histórica curada; países de grande relevância histórica têm mais de 5 cidades. Vaticano é exceção por ser uma cidade-Estado.
Tadjiquistão,TJ,Khujand,40.28256,69.62216,2,historical/curated,GeoNames (via world-cities/joelacus),Seleção histórica curada; países de grande relevância histórica têm mais de 5 cidades. Vaticano é exceção por ser uma cidade-Estado.
Tadjiquistão,TJ,Panjakent,39.49524,67.60931,3,historical/curated,GeoNames (via world-cities/joelacus),Seleção histórica curada; países de grande relevância histórica têm mais de 5 cidades. Vaticano é exceção por ser uma cidade-Estado.
Tadjiquistão,TJ,Istaravshan,39.9142,69.00328,4,historical/curated,GeoNames (via world-cities/joelacus),Seleção histórica curada; países de grande relevância histórica têm mais de 5 cidades. Vaticano é exceção por ser uma cidade-Estado.
Tadjiquistão,TJ,20-solagii Istiḳlolijati Toçikiston,37.54749,68.46055,5,major-city fallback,GeoNames (via world-cities/joelacus),Seleção histórica curada; países de grande relevância histórica têm mais de 5 cidades. Vaticano é exceção por ser uma cidade-Estado.
Tanzânia,TZ,Dar es Salaam,-6.82349,39.26951,1,historical/curated,GeoNames (via world-cities/joelacus),Seleção histórica curada; países de grande relevância histórica têm mais de 5 cidades. Vaticano é exceção por ser uma cidade-Estado.
Tanzânia,TZ,Bagamoyo,-6.44222,38.90422,2,historical/curated,GeoNames (via world-cities/joelacus),Seleção histórica curada; países de grande relevância histórica têm mais de 5 cidades. Vaticano é exceção por ser uma cidade-Estado.
Tanzânia,TZ,Dodoma,-6.17221,35.73947,3,historical/curated,GeoNames (via world-cities/joelacus),Seleção histórica curada; países de grande relevância histórica têm mais de 5 cidades. Vaticano é exceção por ser uma cidade-Estado.
Tanzânia,TZ,Arusha,-3.36667,36.68333,4,historical/curated,GeoNames (via world-cities/joelacus),Seleção histórica curada; países de grande relevância histórica têm mais de 5 cidades. Vaticano é exceção por ser uma cidade-Estado.
Tanzânia,TZ,Babati,-4.21667,35.75,5,major-city fallback,GeoNames (via world-cities/joelacus),Seleção histórica curada; países de grande relevância histórica têm mais de 5 cidades. Vaticano é exceção por ser uma cidade-Estado.
Tailândia,TH,Bangkok,13.75398,100.50144,1,historical/curated,GeoNames (via world-cities/joelacus),Seleção histórica curada; países de grande relevância histórica têm mais de 5 cidades. Vaticano é exceção por ser uma cidade-Estado.
Tailândia,TH,Chiang Mai,18.79038,98.98468,2,historical/curated,GeoNames (via world-cities/joelacus),Seleção histórica curada; países de grande relevância histórica têm mais de 5 cidades. Vaticano é exceção por ser uma cidade-Estado.
Tailândia,TH,Sukhothai,17.00778,99.823,3,historical/curated,GeoNames (via world-cities/joelacus),Seleção histórica curada; países de grande relevância histórica têm mais de 5 cidades. Vaticano é exceção por ser uma cidade-Estado.
Tailândia,TH,Nakhon Si Thammarat,8.43333,99.96667,4,historical/curated,GeoNames (via world-cities/joelacus),Seleção histórica curada; países de grande relevância histórica têm mais de 5 cidades. Vaticano é exceção por ser uma cidade-Estado.
Tailândia,TH,Akat Amnuai,17.59639,103.9816,5,major-city fallback,GeoNames (via world-cities/joelacus),Seleção histórica curada; países de grande relevância histórica têm mais de 5 cidades. Vaticano é exceção por ser uma cidade-Estado.
Timor-Leste,TL,Dili,-8.55861,125.57361,1,historical/curated,GeoNames (via world-cities/joelacus),Seleção histórica curada; países de grande relevância histórica têm mais de 5 cidades. Vaticano é exceção por ser uma cidade-Estado.
Timor-Leste,TL,Lospalos,-8.52167,126.99833,2,historical/curated,GeoNames (via world-cities/joelacus),Seleção histórica curada; países de grande relevância histórica têm mais de 5 cidades. Vaticano é exceção por ser uma cidade-Estado.
Timor-Leste,TL,Maliana,-8.99167,125.21972,3,historical/curated,GeoNames (via world-cities/joelacus),Seleção histórica curada; países de grande relevância histórica têm mais de 5 cidades. Vaticano é exceção por ser uma cidade-Estado.
Timor-Leste,TL,Abo,-8.63333,126.56667,4,major-city fallback,GeoNames (via world-cities/joelacus),Seleção histórica curada; países de grande relevância histórica têm mais de 5 cidades. Vaticano é exceção por ser uma cidade-Estado.
Timor-Leste,TL,Aileu,-8.72806,125.56639,5,major-city fallback,GeoNames (via world-cities/joelacus),Seleção histórica curada; países de grande relevância histórica têm mais de 5 cidades. Vaticano é exceção por ser uma cidade-Estado.
Togo,TG,Lomé,6.12874,1.22154,1,historical/curated,GeoNames (via world-cities/joelacus),Seleção histórica curada; países de grande relevância histórica têm mais de 5 cidades. Vaticano é exceção por ser uma cidade-Estado.
Togo,TG,Kara,9.55111,1.18611,2,historical/curated,GeoNames (via world-cities/joelacus),Seleção histórica curada; países de grande relevância histórica têm mais de 5 cidades. Vaticano é exceção por ser uma cidade-Estado.
Togo,TG,Atakpamé,7.53333,1.13333,3,historical/curated,GeoNames (via world-cities/joelacus),Seleção histórica curada; países de grande relevância histórica têm mais de 5 cidades. Vaticano é exceção por ser uma cidade-Estado.
Togo,TG,Kpalimé,6.9,0.63333,4,historical/curated,GeoNames (via world-cities/joelacus),Seleção histórica curada; países de grande relevância histórica têm mais de 5 cidades. Vaticano é exceção por ser uma cidade-Estado.
Togo,TG,Sokodé,8.98333,1.13333,5,historical/curated,GeoNames (via world-cities/joelacus),Seleção histórica curada; países de grande relevância histórica têm mais de 5 cidades. Vaticano é exceção por ser uma cidade-Estado.
Tonga,TO,Nuku‘alofa,-21.13683,-175.20114,1,historical/curated,GeoNames (via world-cities/joelacus),Seleção histórica curada; países de grande relevância histórica têm mais de 5 cidades. Vaticano é exceção por ser uma cidade-Estado.
Tonga,TO,Neiafu,-18.65144,-173.98354,2,historical/curated,GeoNames (via world-cities/joelacus),Seleção histórica curada; países de grande relevância histórica têm mais de 5 cidades. Vaticano é exceção por ser uma cidade-Estado.
Tonga,TO,'Ohonua,-21.34135,-174.95656,3,major-city fallback,GeoNames (via world-cities/joelacus),Seleção histórica curada; países de grande relevância histórica têm mais de 5 cidades. Vaticano é exceção por ser uma cidade-Estado.
Tonga,TO,Fangale’ounga,-19.75285,-174.32257,4,major-city fallback,GeoNames (via world-cities/joelacus),Seleção histórica curada; países de grande relevância histórica têm mais de 5 cidades. Vaticano é exceção por ser uma cidade-Estado.
Tonga,TO,Fua'amotu,-21.26403,-175.13902,5,major-city fallback,GeoNames (via world-cities/joelacus),Seleção histórica curada; países de grande relevância histórica têm mais de 5 cidades. Vaticano é exceção por ser uma cidade-Estado.
Trinidad e Tobago,TT,Port of Spain,10.66668,-61.51889,1,historical/curated,GeoNames (via world-cities/joelacus),Seleção histórica curada; países de grande relevância histórica têm mais de 5 cidades. Vaticano é exceção por ser uma cidade-Estado.
Trinidad e Tobago,TT,San Fernando,10.27969,-61.46835,2,historical/curated,GeoNames (via world-cities/joelacus),Seleção histórica curada; países de grande relevância histórica têm mais de 5 cidades. Vaticano é exceção por ser uma cidade-Estado.
Trinidad e Tobago,TT,Scarborough,11.18229,-60.73525,3,historical/curated,GeoNames (via world-cities/joelacus),Seleção histórica curada; países de grande relevância histórica têm mais de 5 cidades. Vaticano é exceção por ser uma cidade-Estado.
Trinidad e Tobago,TT,Arima,10.63737,-61.28228,4,major-city fallback,GeoNames (via world-cities/joelacus),Seleção histórica curada; países de grande relevância histórica têm mais de 5 cidades. Vaticano é exceção por ser uma cidade-Estado.
Trinidad e Tobago,TT,Arouca,10.62877,-61.33487,5,major-city fallback,GeoNames (via world-cities/joelacus),Seleção histórica curada; países de grande relevância histórica têm mais de 5 cidades. Vaticano é exceção por ser uma cidade-Estado.
Tunísia,TN,Tunis,36.81897,10.16579,1,historical/curated,GeoNames (via world-cities/joelacus),Seleção histórica curada; países de grande relevância histórica têm mais de 5 cidades. Vaticano é exceção por ser uma cidade-Estado.
Tunísia,TN,Carthage,36.86108,10.33161,2,historical/curated,GeoNames (via world-cities/joelacus),Seleção histórica curada; países de grande relevância histórica têm mais de 5 cidades. Vaticano é exceção por ser uma cidade-Estado.
Tunísia,TN,Sfax,34.74056,10.76028,3,historical/curated,GeoNames (via world-cities/joelacus),Seleção histórica curada; países de grande relevância histórica têm mais de 5 cidades. Vaticano é exceção por ser uma cidade-Estado.
Tunísia,TN,Sousse,35.82539,10.63699,4,historical/curated,GeoNames (via world-cities/joelacus),Seleção histórica curada; países de grande relevância histórica têm mais de 5 cidades. Vaticano é exceção por ser uma cidade-Estado.
Tunísia,TN,Kairouan,35.6781,10.09633,5,historical/curated,GeoNames (via world-cities/joelacus),Seleção histórica curada; países de grande relevância histórica têm mais de 5 cidades. Vaticano é exceção por ser uma cidade-Estado.
Tunísia,TN,Bizerte,37.27442,9.87391,6,historical/curated,GeoNames (via world-cities/joelacus),Seleção histórica curada; países de grande relevância histórica têm mais de 5 cidades. Vaticano é exceção por ser uma cidade-Estado.
Turcomenistão,TM,Ashgabat,37.95,58.38333,1,historical/curated,GeoNames (via world-cities/joelacus),Seleção histórica curada; países de grande relevância histórica têm mais de 5 cidades. Vaticano é exceção por ser uma cidade-Estado.
Turcomenistão,TM,Türkmenabat,39.07328,63.57861,2,historical/curated,GeoNames (via world-cities/joelacus),Seleção histórica curada; países de grande relevância histórica têm mais de 5 cidades. Vaticano é exceção por ser uma cidade-Estado.
Turcomenistão,TM,Abadan,38.05415,58.19721,3,major-city fallback,GeoNames (via world-cities/joelacus),Seleção histórica curada; países de grande relevância histórica têm mais de 5 cidades. Vaticano é exceção por ser uma cidade-Estado.
Turcomenistão,TM,Akdaş,40.04231,53.12677,4,major-city fallback,GeoNames (via world-cities/joelacus),Seleção histórica curada; países de grande relevância histórica têm mais de 5 cidades. Vaticano é exceção por ser uma cidade-Estado.
Turcomenistão,TM,Akdepe,42.05513,59.37877,5,major-city fallback,GeoNames (via world-cities/joelacus),Seleção histórica curada; países de grande relevância histórica têm mais de 5 cidades. Vaticano é exceção por ser uma cidade-Estado.
Tuvalu,TV,Funafuti,-8.52425,179.19417,1,historical/curated,GeoNames (via world-cities/joelacus),Seleção histórica curada; países de grande relevância histórica têm mais de 5 cidades. Vaticano é exceção por ser uma cidade-Estado.
Tuvalu,TV,Alapi Village,-8.52074,179.1968,2,major-city fallback,GeoNames (via world-cities/joelacus),Seleção histórica curada; países de grande relevância histórica têm mais de 5 cidades. Vaticano é exceção por ser uma cidade-Estado.
Tuvalu,TV,Asau Village,-7.49026,178.68016,3,major-city fallback,GeoNames (via world-cities/joelacus),Seleção histórica curada; países de grande relevância histórica têm mais de 5 cidades. Vaticano é exceção por ser uma cidade-Estado.
Tuvalu,TV,Fakaifou Village,-8.51758,179.20094,4,major-city fallback,GeoNames (via world-cities/joelacus),Seleção histórica curada; países de grande relevância histórica têm mais de 5 cidades. Vaticano é exceção por ser uma cidade-Estado.
Tuvalu,TV,Kulia Village,-6.10819,177.33393,5,major-city fallback,GeoNames (via world-cities/joelacus),Seleção histórica curada; países de grande relevância histórica têm mais de 5 cidades. Vaticano é exceção por ser uma cidade-Estado.
Turquia,TR,Istanbul,41.01384,28.94966,1,historical/curated,GeoNames (via world-cities/joelacus),Seleção histórica curada; países de grande relevância histórica têm mais de 5 cidades. Vaticano é exceção por ser uma cidade-Estado.
Turquia,TR,Ankara,39.91987,32.85427,2,historical/curated,GeoNames (via world-cities/joelacus),Seleção histórica curada; países de grande relevância histórica têm mais de 5 cidades. Vaticano é exceção por ser uma cidade-Estado.
Turquia,TR,İzmir,38.41273,27.13838,3,historical/curated,GeoNames (via world-cities/joelacus),Seleção histórica curada; países de grande relevância histórica têm mais de 5 cidades. Vaticano é exceção por ser uma cidade-Estado.
Turquia,TR,Bursa,40.19559,29.06013,4,historical/curated,GeoNames (via world-cities/joelacus),Seleção histórica curada; países de grande relevância histórica têm mais de 5 cidades. Vaticano é exceção por ser uma cidade-Estado.
Turquia,TR,Konya,37.87135,32.48464,5,historical/curated,GeoNames (via world-cities/joelacus),Seleção histórica curada; países de grande relevância histórica têm mais de 5 cidades. Vaticano é exceção por ser uma cidade-Estado.
Turquia,TR,Antakya,36.20655,36.15722,6,historical/curated,GeoNames (via world-cities/joelacus),Seleção histórica curada; países de grande relevância histórica têm mais de 5 cidades. Vaticano é exceção por ser uma cidade-Estado.
Turquia,TR,Bodrum,37.03833,27.42917,7,historical/curated,GeoNames (via world-cities/joelacus),Seleção histórica curada; países de grande relevância histórica têm mais de 5 cidades. Vaticano é exceção por ser uma cidade-Estado.
Turquia,TR,Trabzon,41.005,39.72694,8,historical/curated,GeoNames (via world-cities/joelacus),Seleção histórica curada; países de grande relevância histórica têm mais de 5 cidades. Vaticano é exceção por ser uma cidade-Estado.
Uganda,UG,Kampala,0.31628,32.58219,1,historical/curated,GeoNames (via world-cities/joelacus),Seleção histórica curada; países de grande relevância histórica têm mais de 5 cidades. Vaticano é exceção por ser uma cidade-Estado.
Uganda,UG,Jinja,0.43902,33.20317,2,historical/curated,GeoNames (via world-cities/joelacus),Seleção histórica curada; países de grande relevância histórica têm mais de 5 cidades. Vaticano é exceção por ser uma cidade-Estado.
Uganda,UG,Entebbe,0.05621,32.47949,3,historical/curated,GeoNames (via world-cities/joelacus),Seleção histórica curada; países de grande relevância histórica têm mais de 5 cidades. Vaticano é exceção por ser uma cidade-Estado.
Uganda,UG,Mbarara,-0.60467,30.64851,4,historical/curated,GeoNames (via world-cities/joelacus),Seleção histórica curada; países de grande relevância histórica têm mais de 5 cidades. Vaticano é exceção por ser uma cidade-Estado.
Uganda,UG,Kasese,0.18333,30.08333,5,historical/curated,GeoNames (via world-cities/joelacus),Seleção histórica curada; países de grande relevância histórica têm mais de 5 cidades. Vaticano é exceção por ser uma cidade-Estado.
Ucrânia,UA,Kyiv,50.45466,30.5238,1,historical/curated,GeoNames (via world-cities/joelacus),Seleção histórica curada; países de grande relevância histórica têm mais de 5 cidades. Vaticano é exceção por ser uma cidade-Estado.
Ucrânia,UA,Lviv,49.83826,24.02324,2,historical/curated,GeoNames (via world-cities/joelacus),Seleção histórica curada; países de grande relevância histórica têm mais de 5 cidades. Vaticano é exceção por ser uma cidade-Estado.
Ucrânia,UA,Odesa,46.48572,30.74383,3,historical/curated,GeoNames (via world-cities/joelacus),Seleção histórica curada; países de grande relevância histórica têm mais de 5 cidades. Vaticano é exceção por ser uma cidade-Estado.
Ucrânia,UA,Kharkiv,49.98177,36.25475,4,historical/curated,GeoNames (via world-cities/joelacus),Seleção histórica curada; países de grande relevância histórica têm mais de 5 cidades. Vaticano é exceção por ser uma cidade-Estado.
Ucrânia,UA,Chernihiv,51.50541,31.28656,5,historical/curated,GeoNames (via world-cities/joelacus),Seleção histórica curada; países de grande relevância histórica têm mais de 5 cidades. Vaticano é exceção por ser uma cidade-Estado.
Emirados Árabes Unidos,AE,Abu Dhabi,24.45118,54.39696,1,historical/curated,GeoNames (via world-cities/joelacus),Seleção histórica curada; países de grande relevância histórica têm mais de 5 cidades. Vaticano é exceção por ser uma cidade-Estado.
Emirados Árabes Unidos,AE,Dubai,25.07725,55.30927,2,historical/curated,GeoNames (via world-cities/joelacus),Seleção histórica curada; países de grande relevância histórica têm mais de 5 cidades. Vaticano é exceção por ser uma cidade-Estado.
Emirados Árabes Unidos,AE,Sharjah,25.3342,55.41221,3,historical/curated,GeoNames (via world-cities/joelacus),Seleção histórica curada; países de grande relevância histórica têm mais de 5 cidades. Vaticano é exceção por ser uma cidade-Estado.
Emirados Árabes Unidos,AE,AL Twar Second,25.26309,55.38028,4,major-city fallback,GeoNames (via world-cities/joelacus),Seleção histórica curada; países de grande relevância histórica têm mais de 5 cidades. Vaticano é exceção por ser uma cidade-Estado.
Emirados Árabes Unidos,AE,Abū Hayl,25.28413,55.33153,5,major-city fallback,GeoNames (via world-cities/joelacus),Seleção histórica curada; países de grande relevância histórica têm mais de 5 cidades. Vaticano é exceção por ser uma cidade-Estado.
Reino Unido,GB,London,51.50853,-0.12574,1,historical/curated,GeoNames (via world-cities/joelacus),Seleção histórica curada; países de grande relevância histórica têm mais de 5 cidades. Vaticano é exceção por ser uma cidade-Estado.
Reino Unido,GB,York,53.95763,-1.08271,2,historical/curated,GeoNames (via world-cities/joelacus),Seleção histórica curada; países de grande relevância histórica têm mais de 5 cidades. Vaticano é exceção por ser uma cidade-Estado.
Reino Unido,GB,Bath,51.3751,-2.36172,3,historical/curated,GeoNames (via world-cities/joelacus),Seleção histórica curada; países de grande relevância histórica têm mais de 5 cidades. Vaticano é exceção por ser uma cidade-Estado.
Reino Unido,GB,Oxford,51.75222,-1.25596,4,historical/curated,GeoNames (via world-cities/joelacus),Seleção histórica curada; países de grande relevância histórica têm mais de 5 cidades. Vaticano é exceção por ser uma cidade-Estado.
Reino Unido,GB,Cambridge,52.2,0.11667,5,historical/curated,GeoNames (via world-cities/joelacus),Seleção histórica curada; países de grande relevância histórica têm mais de 5 cidades. Vaticano é exceção por ser uma cidade-Estado.
Reino Unido,GB,Canterbury,51.27904,1.07992,6,historical/curated,GeoNames (via world-cities/joelacus),Seleção histórica curada; países de grande relevância histórica têm mais de 5 cidades. Vaticano é exceção por ser uma cidade-Estado.
Reino Unido,GB,Edinburgh,55.95206,-3.19648,7,historical/curated,GeoNames (via world-cities/joelacus),Seleção histórica curada; países de grande relevância histórica têm mais de 5 cidades. Vaticano é exceção por ser uma cidade-Estado.
Reino Unido,GB,Liverpool,53.41058,-2.97794,8,historical/curated,GeoNames (via world-cities/joelacus),Seleção histórica curada; países de grande relevância histórica têm mais de 5 cidades. Vaticano é exceção por ser uma cidade-Estado.
Reino Unido,GB,Manchester,53.48095,-2.23743,9,historical/curated,GeoNames (via world-cities/joelacus),Seleção histórica curada; países de grande relevância histórica têm mais de 5 cidades. Vaticano é exceção por ser uma cidade-Estado.
Reino Unido,GB,Bristol,51.45523,-2.59665,10,historical/curated,GeoNames (via world-cities/joelacus),Seleção histórica curada; países de grande relevância histórica têm mais de 5 cidades. Vaticano é exceção por ser uma cidade-Estado.
Estados Unidos,US,Boston,30.79186,-83.78989,1,historical/curated,GeoNames (via world-cities/joelacus),Seleção histórica curada; países de grande relevância histórica têm mais de 5 cidades. Vaticano é exceção por ser uma cidade-Estado.
Estados Unidos,US,Philadelphia,32.77152,-89.11673,2,historical/curated,GeoNames (via world-cities/joelacus),Seleção histórica curada; países de grande relevância histórica têm mais de 5 cidades. Vaticano é exceção por ser uma cidade-Estado.
Estados Unidos,US,New York City,40.71427,-74.00597,3,historical/curated,GeoNames (via world-cities/joelacus),Seleção histórica curada; países de grande relevância histórica têm mais de 5 cidades. Vaticano é exceção por ser uma cidade-Estado.
Estados Unidos,US,Washington,33.73679,-82.73931,4,historical/curated,GeoNames (via world-cities/joelacus),Seleção histórica curada; países de grande relevância histórica têm mais de 5 cidades. Vaticano é exceção por ser uma cidade-Estado.
Estados Unidos,US,Charleston,32.77632,-79.93275,5,historical/curated,GeoNames (via world-cities/joelacus),Seleção histórica curada; países de grande relevância histórica têm mais de 5 cidades. Vaticano é exceção por ser uma cidade-Estado.
Estados Unidos,US,New Orleans,29.95465,-90.07507,6,historical/curated,GeoNames (via world-cities/joelacus),Seleção histórica curada; países de grande relevância histórica têm mais de 5 cidades. Vaticano é exceção por ser uma cidade-Estado.
Estados Unidos,US,Jamestown,35.9943,-79.93531,7,historical/curated,GeoNames (via world-cities/joelacus),Seleção histórica curada; países de grande relevância histórica têm mais de 5 cidades. Vaticano é exceção por ser uma cidade-Estado.
Estados Unidos,US,Plymouth,35.86683,-76.74856,8,historical/curated,GeoNames (via world-cities/joelacus),Seleção histórica curada; países de grande relevância histórica têm mais de 5 cidades. Vaticano é exceção por ser uma cidade-Estado.
Estados Unidos,US,Santa Fe,29.37801,-95.10576,9,historical/curated,GeoNames (via world-cities/joelacus),Seleção histórica curada; países de grande relevância histórica têm mais de 5 cidades. Vaticano é exceção por ser uma cidade-Estado.
Estados Unidos,US,San Francisco,37.77493,-122.41942,10,historical/curated,GeoNames (via world-cities/joelacus),Seleção histórica curada; países de grande relevância histórica têm mais de 5 cidades. Vaticano é exceção por ser uma cidade-Estado.
Uruguai,UY,Montevideo,-34.90328,-56.18816,1,historical/curated,GeoNames (via world-cities/joelacus),Seleção histórica curada; países de grande relevância histórica têm mais de 5 cidades. Vaticano é exceção por ser uma cidade-Estado.
Uruguai,UY,Colonia del Sacramento,-34.46262,-57.83976,2,historical/curated,GeoNames (via world-cities/joelacus),Seleção histórica curada; países de grande relevância histórica têm mais de 5 cidades. Vaticano é exceção por ser uma cidade-Estado.
Uruguai,UY,Salto,-31.38811,-57.95983,3,historical/curated,GeoNames (via world-cities/joelacus),Seleção histórica curada; países de grande relevância histórica têm mais de 5 cidades. Vaticano é exceção por ser uma cidade-Estado.
Uruguai,UY,Paysandú,-32.3171,-58.08072,4,historical/curated,GeoNames (via world-cities/joelacus),Seleção histórica curada; países de grande relevância histórica têm mais de 5 cidades. Vaticano é exceção por ser uma cidade-Estado.
Uruguai,UY,Maldonado,-34.89791,-54.95021,5,historical/curated,GeoNames (via world-cities/joelacus),Seleção histórica curada; países de grande relevância histórica têm mais de 5 cidades. Vaticano é exceção por ser uma cidade-Estado.
Uzbequistão,UZ,Tashkent,41.26465,69.21627,1,historical/curated,GeoNames (via world-cities/joelacus),Seleção histórica curada; países de grande relevância histórica têm mais de 5 cidades. Vaticano é exceção por ser uma cidade-Estado.
Uzbequistão,UZ,Samarkand,39.65456,66.96445,2,historical/curated,GeoNames (via world-cities/joelacus),Seleção histórica curada; países de grande relevância histórica têm mais de 5 cidades. Vaticano é exceção por ser uma cidade-Estado.
Uzbequistão,UZ,Bukhara,39.77026,64.43069,3,historical/curated,GeoNames (via world-cities/joelacus),Seleção histórica curada; países de grande relevância histórica têm mais de 5 cidades. Vaticano é exceção por ser uma cidade-Estado.
Uzbequistão,UZ,Amir Timur,41.01944,68.94083,4,major-city fallback,GeoNames (via world-cities/joelacus),Seleção histórica curada; países de grande relevância histórica têm mais de 5 cidades. Vaticano é exceção por ser uma cidade-Estado.
Uzbequistão,UZ,Andijon,40.78338,72.35067,5,major-city fallback,GeoNames (via world-cities/joelacus),Seleção histórica curada; países de grande relevância histórica têm mais de 5 cidades. Vaticano é exceção por ser uma cidade-Estado.
Vanuatu,VU,Luganville,-15.51989,167.16235,1,historical/curated,GeoNames (via world-cities/joelacus),Seleção histórica curada; países de grande relevância histórica têm mais de 5 cidades. Vaticano é exceção por ser uma cidade-Estado.
Vanuatu,VU,Isangel,-19.54167,169.28167,2,major-city fallback,GeoNames (via world-cities/joelacus),Seleção histórica curada; países de grande relevância histórica têm mais de 5 cidades. Vaticano é exceção por ser uma cidade-Estado.
Vanuatu,VU,Lakatoro,-16.09992,167.41636,3,major-city fallback,GeoNames (via world-cities/joelacus),Seleção histórica curada; países de grande relevância histórica têm mais de 5 cidades. Vaticano é exceção por ser uma cidade-Estado.
Vanuatu,VU,Norsup,-16.06536,167.39714,4,major-city fallback,GeoNames (via world-cities/joelacus),Seleção histórica curada; países de grande relevância histórica têm mais de 5 cidades. Vaticano é exceção por ser uma cidade-Estado.
Vanuatu,VU,Pango,-17.78333,168.28333,5,major-city fallback,GeoNames (via world-cities/joelacus),Seleção histórica curada; países de grande relevância histórica têm mais de 5 cidades. Vaticano é exceção por ser uma cidade-Estado.
Venezuela,VE,Caracas,10.48801,-66.87919,1,historical/curated,GeoNames (via world-cities/joelacus),Seleção histórica curada; países de grande relevância histórica têm mais de 5 cidades. Vaticano é exceção por ser uma cidade-Estado.
Venezuela,VE,Coro,11.40769,-69.67822,2,historical/curated,GeoNames (via world-cities/joelacus),Seleção histórica curada; países de grande relevância histórica têm mais de 5 cidades. Vaticano é exceção por ser uma cidade-Estado.
Venezuela,VE,Ciudad Bolívar,8.12366,-63.54694,3,historical/curated,GeoNames (via world-cities/joelacus),Seleção histórica curada; países de grande relevância histórica têm mais de 5 cidades. Vaticano é exceção por ser uma cidade-Estado.
Venezuela,VE,Maracaibo,10.64232,-71.61089,4,historical/curated,GeoNames (via world-cities/joelacus),Seleção histórica curada; países de grande relevância histórica têm mais de 5 cidades. Vaticano é exceção por ser uma cidade-Estado.
Venezuela,VE,Barquisimeto,10.0647,-69.35703,5,historical/curated,GeoNames (via world-cities/joelacus),Seleção histórica curada; países de grande relevância histórica têm mais de 5 cidades. Vaticano é exceção por ser uma cidade-Estado.
Vietnã,VN,Hanoi,20.32773,106.01208,1,historical/curated,GeoNames (via world-cities/joelacus),Seleção histórica curada; países de grande relevância histórica têm mais de 5 cidades. Vaticano é exceção por ser uma cidade-Estado.
Vietnã,VN,Ho Chi Minh City,10.82302,106.62965,2,historical/curated,GeoNames (via world-cities/joelacus),Seleção histórica curada; países de grande relevância histórica têm mais de 5 cidades. Vaticano é exceção por ser uma cidade-Estado.
Vietnã,VN,Huế,16.4619,107.59546,3,historical/curated,GeoNames (via world-cities/joelacus),Seleção histórica curada; países de grande relevância histórica têm mais de 5 cidades. Vaticano é exceção por ser uma cidade-Estado.
Vietnã,VN,Hoi An,15.87944,108.335,4,historical/curated,GeoNames (via world-cities/joelacus),Seleção histórica curada; países de grande relevância histórica têm mais de 5 cidades. Vaticano é exceção por ser uma cidade-Estado.
Vietnã,VN,Da Nang,16.06778,108.22083,5,historical/curated,GeoNames (via world-cities/joelacus),Seleção histórica curada; países de grande relevância histórica têm mais de 5 cidades. Vaticano é exceção por ser uma cidade-Estado.
Iêmen,YE,Sanaa,15.35452,44.20646,1,historical/curated,GeoNames (via world-cities/joelacus),Seleção histórica curada; países de grande relevância histórica têm mais de 5 cidades. Vaticano é exceção por ser uma cidade-Estado.
Iêmen,YE,Aden,12.77957,45.03852,2,historical/curated,GeoNames (via world-cities/joelacus),Seleção histórica curada; países de grande relevância histórica têm mais de 5 cidades. Vaticano é exceção por ser uma cidade-Estado.
Iêmen,YE,Taiz,13.57952,44.02091,3,historical/curated,GeoNames (via world-cities/joelacus),Seleção histórica curada; países de grande relevância histórica têm mais de 5 cidades. Vaticano é exceção por ser uma cidade-Estado.
Iêmen,YE,Zabīd,14.1951,43.31518,4,historical/curated,GeoNames (via world-cities/joelacus),Seleção histórica curada; países de grande relevância histórica têm mais de 5 cidades. Vaticano é exceção por ser uma cidade-Estado.
Iêmen,YE,Shibām,15.50943,43.90445,5,historical/curated,GeoNames (via world-cities/joelacus),Seleção histórica curada; países de grande relevância histórica têm mais de 5 cidades. Vaticano é exceção por ser uma cidade-Estado.
Zâmbia,ZM,Lusaka,-15.40669,28.28713,1,historical/curated,GeoNames (via world-cities/joelacus),Seleção histórica curada; países de grande relevância histórica têm mais de 5 cidades. Vaticano é exceção por ser uma cidade-Estado.
Zâmbia,ZM,Livingstone,-17.84194,25.85425,2,historical/curated,GeoNames (via world-cities/joelacus),Seleção histórica curada; países de grande relevância histórica têm mais de 5 cidades. Vaticano é exceção por ser uma cidade-Estado.
Zâmbia,ZM,Ndola,-12.95867,28.63659,3,historical/curated,GeoNames (via world-cities/joelacus),Seleção histórica curada; países de grande relevância histórica têm mais de 5 cidades. Vaticano é exceção por ser uma cidade-Estado.
Zâmbia,ZM,Kitwe,-12.80243,28.21323,4,historical/curated,GeoNames (via world-cities/joelacus),Seleção histórica curada; países de grande relevância histórica têm mais de 5 cidades. Vaticano é exceção por ser uma cidade-Estado.
Zâmbia,ZM,Chipata,-13.63333,32.65,5,historical/curated,GeoNames (via world-cities/joelacus),Seleção histórica curada; países de grande relevância histórica têm mais de 5 cidades. Vaticano é exceção por ser uma cidade-Estado.
Zimbábue,ZW,Harare,-17.82772,31.05337,1,historical/curated,GeoNames (via world-cities/joelacus),Seleção histórica curada; países de grande relevância histórica têm mais de 5 cidades. Vaticano é exceção por ser uma cidade-Estado.
Zimbábue,ZW,Bulawayo,-20.15,28.58333,2,historical/curated,GeoNames (via world-cities/joelacus),Seleção histórica curada; países de grande relevância histórica têm mais de 5 cidades. Vaticano é exceção por ser uma cidade-Estado.
Zimbábue,ZW,Mutare,-18.9707,32.67086,3,historical/curated,GeoNames (via world-cities/joelacus),Seleção histórica curada; países de grande relevância histórica têm mais de 5 cidades. Vaticano é exceção por ser uma cidade-Estado.
Zimbábue,ZW,Masvingo,-20.06373,30.82766,4,historical/curated,GeoNames (via world-cities/joelacus),Seleção histórica curada; países de grande relevância histórica têm mais de 5 cidades. Vaticano é exceção por ser uma cidade-Estado.
Zimbábue,ZW,Banket,-17.38333,30.4,5,major-city fallback,GeoNames (via world-cities/joelacus),Seleção histórica curada; países de grande relevância histórica têm mais de 5 cidades. Vaticano é exceção por ser uma cidade-Estado.
